s	max_rss	rep	version	threads	sample	os	modality
78.38	56.05	1	dt4	1	alsieve_human_chip	rhel	alignmentsieve
77.06	56.84	2	dt4	1	alsieve_human_chip	rhel	alignmentsieve
76.35	54.0	3	dt4	1	alsieve_human_chip	rhel	alignmentsieve
75.47	56.08	4	dt4	1	alsieve_human_chip	rhel	alignmentsieve
75.25	54.69	5	dt4	1	alsieve_human_chip	rhel	alignmentsieve
60.99	53.44	1	dt4	2	alsieve_human_chip	rhel	alignmentsieve
117.93	53.44	2	dt4	2	alsieve_human_chip	rhel	alignmentsieve
105.06	57.31	3	dt4	2	alsieve_human_chip	rhel	alignmentsieve
60.51	56.38	4	dt4	2	alsieve_human_chip	rhel	alignmentsieve
61.84	56.88	5	dt4	2	alsieve_human_chip	rhel	alignmentsieve
63.17	57.81	1	dt4	3	alsieve_human_chip	rhel	alignmentsieve
69.58	50.84	2	dt4	3	alsieve_human_chip	rhel	alignmentsieve
95.94	56.63	3	dt4	3	alsieve_human_chip	rhel	alignmentsieve
61.27	54.95	4	dt4	3	alsieve_human_chip	rhel	alignmentsieve
60.77	54.88	5	dt4	3	alsieve_human_chip	rhel	alignmentsieve
84.93	55.99	1	dt4	4	alsieve_human_chip	rhel	alignmentsieve
63.58	57.07	2	dt4	4	alsieve_human_chip	rhel	alignmentsieve
64.51	54.11	3	dt4	4	alsieve_human_chip	rhel	alignmentsieve
62.16	54.86	4	dt4	4	alsieve_human_chip	rhel	alignmentsieve
59.67	55.57	5	dt4	4	alsieve_human_chip	rhel	alignmentsieve
32.74	55.81	1	dt4	5	alsieve_human_chip	rhel	alignmentsieve
26.35	58.99	2	dt4	5	alsieve_human_chip	rhel	alignmentsieve
28.84	56.49	3	dt4	5	alsieve_human_chip	rhel	alignmentsieve
29.17	55.48	4	dt4	5	alsieve_human_chip	rhel	alignmentsieve
30.94	57.16	5	dt4	5	alsieve_human_chip	rhel	alignmentsieve
34.06	59.43	1	dt4	6	alsieve_human_chip	rhel	alignmentsieve
28.92	57.5	2	dt4	6	alsieve_human_chip	rhel	alignmentsieve
37.85	58.98	3	dt4	6	alsieve_human_chip	rhel	alignmentsieve
36.87	56.77	4	dt4	6	alsieve_human_chip	rhel	alignmentsieve
29.49	56.51	5	dt4	6	alsieve_human_chip	rhel	alignmentsieve
34.26	55.96	1	dt4	7	alsieve_human_chip	rhel	alignmentsieve
40.18	57.43	2	dt4	7	alsieve_human_chip	rhel	alignmentsieve
31.33	54.85	3	dt4	7	alsieve_human_chip	rhel	alignmentsieve
28.05	53.48	4	dt4	7	alsieve_human_chip	rhel	alignmentsieve
33.7	59.39	5	dt4	7	alsieve_human_chip	rhel	alignmentsieve
27.02	57.56	1	dt4	8	alsieve_human_chip	rhel	alignmentsieve
33.32	54.46	2	dt4	8	alsieve_human_chip	rhel	alignmentsieve
31.31	52.61	3	dt4	8	alsieve_human_chip	rhel	alignmentsieve
27.22	56.93	4	dt4	8	alsieve_human_chip	rhel	alignmentsieve
33.61	54.0	5	dt4	8	alsieve_human_chip	rhel	alignmentsieve
29.09	55.97	1	dt4	9	alsieve_human_chip	rhel	alignmentsieve
26.9	57.64	2	dt4	9	alsieve_human_chip	rhel	alignmentsieve
33.69	57.09	3	dt4	9	alsieve_human_chip	rhel	alignmentsieve
29.2	55.62	4	dt4	9	alsieve_human_chip	rhel	alignmentsieve
26.99	59.03	5	dt4	9	alsieve_human_chip	rhel	alignmentsieve
28.2	56.5	1	dt4	10	alsieve_human_chip	rhel	alignmentsieve
30.03	55.28	2	dt4	10	alsieve_human_chip	rhel	alignmentsieve
25.86	54.28	3	dt4	10	alsieve_human_chip	rhel	alignmentsieve
27.71	52.95	4	dt4	10	alsieve_human_chip	rhel	alignmentsieve
34.22	55.19	5	dt4	10	alsieve_human_chip	rhel	alignmentsieve
28.48	55.72	1	dt4	11	alsieve_human_chip	rhel	alignmentsieve
28.15	58.99	2	dt4	11	alsieve_human_chip	rhel	alignmentsieve
27.78	57.56	3	dt4	11	alsieve_human_chip	rhel	alignmentsieve
27.56	56.57	4	dt4	11	alsieve_human_chip	rhel	alignmentsieve
29.85	54.77	5	dt4	11	alsieve_human_chip	rhel	alignmentsieve
27.34	54.07	1	dt4	12	alsieve_human_chip	rhel	alignmentsieve
28.93	56.08	2	dt4	12	alsieve_human_chip	rhel	alignmentsieve
27.38	52.96	3	dt4	12	alsieve_human_chip	rhel	alignmentsieve
35.42	58.55	4	dt4	12	alsieve_human_chip	rhel	alignmentsieve
29.33	60.83	5	dt4	12	alsieve_human_chip	rhel	alignmentsieve
27.75	59.33	1	dt4	13	alsieve_human_chip	rhel	alignmentsieve
28.91	59.12	2	dt4	13	alsieve_human_chip	rhel	alignmentsieve
28.83	58.33	3	dt4	13	alsieve_human_chip	rhel	alignmentsieve
26.79	56.77	4	dt4	13	alsieve_human_chip	rhel	alignmentsieve
27.94	59.1	5	dt4	13	alsieve_human_chip	rhel	alignmentsieve
25.67	57.37	1	dt4	14	alsieve_human_chip	rhel	alignmentsieve
27.76	55.93	2	dt4	14	alsieve_human_chip	rhel	alignmentsieve
28.0	53.25	3	dt4	14	alsieve_human_chip	rhel	alignmentsieve
29.92	57.35	4	dt4	14	alsieve_human_chip	rhel	alignmentsieve
26.68	58.64	5	dt4	14	alsieve_human_chip	rhel	alignmentsieve
29.21	57.35	1	dt4	15	alsieve_human_chip	rhel	alignmentsieve
25.95	58.83	2	dt4	15	alsieve_human_chip	rhel	alignmentsieve
27.21	55.22	3	dt4	15	alsieve_human_chip	rhel	alignmentsieve
30.43	57.83	4	dt4	15	alsieve_human_chip	rhel	alignmentsieve
34.25	55.14	5	dt4	15	alsieve_human_chip	rhel	alignmentsieve
27.17	59.93	1	dt4	16	alsieve_human_chip	rhel	alignmentsieve
28.61	57.64	2	dt4	16	alsieve_human_chip	rhel	alignmentsieve
29.42	54.78	3	dt4	16	alsieve_human_chip	rhel	alignmentsieve
27.54	53.35	4	dt4	16	alsieve_human_chip	rhel	alignmentsieve
28.59	54.74	5	dt4	16	alsieve_human_chip	rhel	alignmentsieve
25.76	59.04	1	dt4	17	alsieve_human_chip	rhel	alignmentsieve
25.81	56.7	2	dt4	17	alsieve_human_chip	rhel	alignmentsieve
26.08	59.36	3	dt4	17	alsieve_human_chip	rhel	alignmentsieve
27.83	58.02	4	dt4	17	alsieve_human_chip	rhel	alignmentsieve
29.26	57.77	5	dt4	17	alsieve_human_chip	rhel	alignmentsieve
27.18	61.78	1	dt4	18	alsieve_human_chip	rhel	alignmentsieve
25.63	55.48	2	dt4	18	alsieve_human_chip	rhel	alignmentsieve
27.62	58.57	3	dt4	18	alsieve_human_chip	rhel	alignmentsieve
34.4	55.23	4	dt4	18	alsieve_human_chip	rhel	alignmentsieve
25.7	58.52	5	dt4	18	alsieve_human_chip	rhel	alignmentsieve
26.35	55.41	1	dt4	19	alsieve_human_chip	rhel	alignmentsieve
25.79	59.87	2	dt4	19	alsieve_human_chip	rhel	alignmentsieve
27.61	61.83	3	dt4	19	alsieve_human_chip	rhel	alignmentsieve
26.78	60.22	4	dt4	19	alsieve_human_chip	rhel	alignmentsieve
28.05	56.59	5	dt4	19	alsieve_human_chip	rhel	alignmentsieve
27.69	57.78	1	dt4	20	alsieve_human_chip	rhel	alignmentsieve
25.92	59.37	2	dt4	20	alsieve_human_chip	rhel	alignmentsieve
28.56	59.06	3	dt4	20	alsieve_human_chip	rhel	alignmentsieve
30.82	56.0	4	dt4	20	alsieve_human_chip	rhel	alignmentsieve
28.99	59.74	5	dt4	20	alsieve_human_chip	rhel	alignmentsieve
317.87	56.77	1	dt4	1	alsieve_human_rna	rhel	alignmentsieve
310.82	56.76	2	dt4	1	alsieve_human_rna	rhel	alignmentsieve
309.5	55.08	3	dt4	1	alsieve_human_rna	rhel	alignmentsieve
312.45	57.64	4	dt4	1	alsieve_human_rna	rhel	alignmentsieve
312.5	56.09	5	dt4	1	alsieve_human_rna	rhel	alignmentsieve
236.37	55.71	1	dt4	2	alsieve_human_rna	rhel	alignmentsieve
258.84	56.72	2	dt4	2	alsieve_human_rna	rhel	alignmentsieve
313.53	55.41	3	dt4	2	alsieve_human_rna	rhel	alignmentsieve
309.95	55.7	4	dt4	2	alsieve_human_rna	rhel	alignmentsieve
246.59	55.87	5	dt4	2	alsieve_human_rna	rhel	alignmentsieve
233.24	56.22	1	dt4	3	alsieve_human_rna	rhel	alignmentsieve
279.39	54.77	2	dt4	3	alsieve_human_rna	rhel	alignmentsieve
288.31	56.09	3	dt4	3	alsieve_human_rna	rhel	alignmentsieve
229.44	56.55	4	dt4	3	alsieve_human_rna	rhel	alignmentsieve
225.72	57.29	5	dt4	3	alsieve_human_rna	rhel	alignmentsieve
238.85	54.12	1	dt4	4	alsieve_human_rna	rhel	alignmentsieve
317.39	55.74	2	dt4	4	alsieve_human_rna	rhel	alignmentsieve
278.33	55.3	3	dt4	4	alsieve_human_rna	rhel	alignmentsieve
224.36	56.39	4	dt4	4	alsieve_human_rna	rhel	alignmentsieve
239.59	56.8	5	dt4	4	alsieve_human_rna	rhel	alignmentsieve
152.64	58.69	1	dt4	5	alsieve_human_rna	rhel	alignmentsieve
162.35	58.96	2	dt4	5	alsieve_human_rna	rhel	alignmentsieve
138.13	56.9	3	dt4	5	alsieve_human_rna	rhel	alignmentsieve
137.44	57.1	4	dt4	5	alsieve_human_rna	rhel	alignmentsieve
138.49	57.31	5	dt4	5	alsieve_human_rna	rhel	alignmentsieve
145.56	56.62	1	dt4	6	alsieve_human_rna	rhel	alignmentsieve
146.85	57.58	2	dt4	6	alsieve_human_rna	rhel	alignmentsieve
143.45	57.31	3	dt4	6	alsieve_human_rna	rhel	alignmentsieve
146.51	57.04	4	dt4	6	alsieve_human_rna	rhel	alignmentsieve
144.96	60.79	5	dt4	6	alsieve_human_rna	rhel	alignmentsieve
150.33	53.24	1	dt4	7	alsieve_human_rna	rhel	alignmentsieve
145.4	56.54	2	dt4	7	alsieve_human_rna	rhel	alignmentsieve
145.45	54.27	3	dt4	7	alsieve_human_rna	rhel	alignmentsieve
137.06	54.05	4	dt4	7	alsieve_human_rna	rhel	alignmentsieve
157.96	56.65	5	dt4	7	alsieve_human_rna	rhel	alignmentsieve
146.62	55.59	1	dt4	8	alsieve_human_rna	rhel	alignmentsieve
145.77	56.4	2	dt4	8	alsieve_human_rna	rhel	alignmentsieve
155.42	55.3	3	dt4	8	alsieve_human_rna	rhel	alignmentsieve
166.01	54.45	4	dt4	8	alsieve_human_rna	rhel	alignmentsieve
148.93	59.29	5	dt4	8	alsieve_human_rna	rhel	alignmentsieve
162.92	57.67	1	dt4	9	alsieve_human_rna	rhel	alignmentsieve
160.24	58.34	2	dt4	9	alsieve_human_rna	rhel	alignmentsieve
168.13	58.23	3	dt4	9	alsieve_human_rna	rhel	alignmentsieve
145.73	54.22	4	dt4	9	alsieve_human_rna	rhel	alignmentsieve
184.69	55.41	5	dt4	9	alsieve_human_rna	rhel	alignmentsieve
161.19	52.02	1	dt4	10	alsieve_human_rna	rhel	alignmentsieve
147.69	55.62	2	dt4	10	alsieve_human_rna	rhel	alignmentsieve
136.56	57.86	3	dt4	10	alsieve_human_rna	rhel	alignmentsieve
139.58	61.46	4	dt4	10	alsieve_human_rna	rhel	alignmentsieve
142.83	58.3	5	dt4	10	alsieve_human_rna	rhel	alignmentsieve
151.6	57.38	1	dt4	11	alsieve_human_rna	rhel	alignmentsieve
150.71	56.66	2	dt4	11	alsieve_human_rna	rhel	alignmentsieve
149.93	60.57	3	dt4	11	alsieve_human_rna	rhel	alignmentsieve
138.68	61.11	4	dt4	11	alsieve_human_rna	rhel	alignmentsieve
167.39	58.89	5	dt4	11	alsieve_human_rna	rhel	alignmentsieve
166.75	57.63	1	dt4	12	alsieve_human_rna	rhel	alignmentsieve
139.04	60.39	2	dt4	12	alsieve_human_rna	rhel	alignmentsieve
178.7	55.62	3	dt4	12	alsieve_human_rna	rhel	alignmentsieve
138.03	57.45	4	dt4	12	alsieve_human_rna	rhel	alignmentsieve
133.9	61.61	5	dt4	12	alsieve_human_rna	rhel	alignmentsieve
155.66	58.75	1	dt4	13	alsieve_human_rna	rhel	alignmentsieve
146.25	60.94	2	dt4	13	alsieve_human_rna	rhel	alignmentsieve
141.82	55.85	3	dt4	13	alsieve_human_rna	rhel	alignmentsieve
151.77	57.69	4	dt4	13	alsieve_human_rna	rhel	alignmentsieve
161.81	58.67	5	dt4	13	alsieve_human_rna	rhel	alignmentsieve
144.39	58.02	1	dt4	14	alsieve_human_rna	rhel	alignmentsieve
143.79	57.94	2	dt4	14	alsieve_human_rna	rhel	alignmentsieve
134.95	54.74	3	dt4	14	alsieve_human_rna	rhel	alignmentsieve
155.66	62.23	4	dt4	14	alsieve_human_rna	rhel	alignmentsieve
152.92	57.71	5	dt4	14	alsieve_human_rna	rhel	alignmentsieve
139.72	52.23	1	dt4	15	alsieve_human_rna	rhel	alignmentsieve
137.11	61.18	2	dt4	15	alsieve_human_rna	rhel	alignmentsieve
139.56	54.04	3	dt4	15	alsieve_human_rna	rhel	alignmentsieve
143.18	56.52	4	dt4	15	alsieve_human_rna	rhel	alignmentsieve
142.23	60.57	5	dt4	15	alsieve_human_rna	rhel	alignmentsieve
151.05	62.14	1	dt4	16	alsieve_human_rna	rhel	alignmentsieve
156.53	56.17	2	dt4	16	alsieve_human_rna	rhel	alignmentsieve
144.43	60.33	3	dt4	16	alsieve_human_rna	rhel	alignmentsieve
143.72	60.16	4	dt4	16	alsieve_human_rna	rhel	alignmentsieve
151.51	51.84	5	dt4	16	alsieve_human_rna	rhel	alignmentsieve
145.03	58.84	1	dt4	17	alsieve_human_rna	rhel	alignmentsieve
145.44	54.87	2	dt4	17	alsieve_human_rna	rhel	alignmentsieve
146.03	55.68	3	dt4	17	alsieve_human_rna	rhel	alignmentsieve
139.62	56.66	4	dt4	17	alsieve_human_rna	rhel	alignmentsieve
138.76	56.33	5	dt4	17	alsieve_human_rna	rhel	alignmentsieve
149.86	64.93	1	dt4	18	alsieve_human_rna	rhel	alignmentsieve
154.76	59.29	2	dt4	18	alsieve_human_rna	rhel	alignmentsieve
140.22	58.18	3	dt4	18	alsieve_human_rna	rhel	alignmentsieve
153.25	58.16	4	dt4	18	alsieve_human_rna	rhel	alignmentsieve
147.13	58.86	5	dt4	18	alsieve_human_rna	rhel	alignmentsieve
146.44	52.85	1	dt4	19	alsieve_human_rna	rhel	alignmentsieve
134.95	57.51	2	dt4	19	alsieve_human_rna	rhel	alignmentsieve
142.42	54.92	3	dt4	19	alsieve_human_rna	rhel	alignmentsieve
147.29	61.87	4	dt4	19	alsieve_human_rna	rhel	alignmentsieve
140.87	62.46	5	dt4	19	alsieve_human_rna	rhel	alignmentsieve
140.02	58.27	1	dt4	20	alsieve_human_rna	rhel	alignmentsieve
142.77	55.61	2	dt4	20	alsieve_human_rna	rhel	alignmentsieve
133.93	56.78	3	dt4	20	alsieve_human_rna	rhel	alignmentsieve
148.57	61.17	4	dt4	20	alsieve_human_rna	rhel	alignmentsieve
140.15	58.65	5	dt4	20	alsieve_human_rna	rhel	alignmentsieve
1758.51	54.52	1	dt4	1	alsieve_human_wgs	rhel	alignmentsieve
1731.27	57.18	2	dt4	1	alsieve_human_wgs	rhel	alignmentsieve
1756.88	56.0	3	dt4	1	alsieve_human_wgs	rhel	alignmentsieve
1758.88	54.51	4	dt4	1	alsieve_human_wgs	rhel	alignmentsieve
1740.05	55.35	5	dt4	1	alsieve_human_wgs	rhel	alignmentsieve
1162.25	56.4	1	dt4	2	alsieve_human_wgs	rhel	alignmentsieve
1722.81	56.95	2	dt4	2	alsieve_human_wgs	rhel	alignmentsieve
1969.8	58.32	3	dt4	2	alsieve_human_wgs	rhel	alignmentsieve
1431.44	56.42	4	dt4	2	alsieve_human_wgs	rhel	alignmentsieve
1216.47	54.12	5	dt4	2	alsieve_human_wgs	rhel	alignmentsieve
1175.02	55.61	1	dt4	3	alsieve_human_wgs	rhel	alignmentsieve
1226.8	57.8	2	dt4	3	alsieve_human_wgs	rhel	alignmentsieve
1466.9	56.64	3	dt4	3	alsieve_human_wgs	rhel	alignmentsieve
1132.29	55.14	4	dt4	3	alsieve_human_wgs	rhel	alignmentsieve
1121.74	56.34	5	dt4	3	alsieve_human_wgs	rhel	alignmentsieve
1296.4	58.01	1	dt4	4	alsieve_human_wgs	rhel	alignmentsieve
1434.25	57.21	2	dt4	4	alsieve_human_wgs	rhel	alignmentsieve
1365.34	54.3	3	dt4	4	alsieve_human_wgs	rhel	alignmentsieve
1101.92	56.61	4	dt4	4	alsieve_human_wgs	rhel	alignmentsieve
1099.58	56.8	5	dt4	4	alsieve_human_wgs	rhel	alignmentsieve
783.31	54.89	1	dt4	5	alsieve_human_wgs	rhel	alignmentsieve
783.61	59.38	2	dt4	5	alsieve_human_wgs	rhel	alignmentsieve
798.55	59.37	3	dt4	5	alsieve_human_wgs	rhel	alignmentsieve
788.66	59.91	4	dt4	5	alsieve_human_wgs	rhel	alignmentsieve
876.05	56.89	5	dt4	5	alsieve_human_wgs	rhel	alignmentsieve
896.96	52.46	1	dt4	6	alsieve_human_wgs	rhel	alignmentsieve
826.15	58.3	2	dt4	6	alsieve_human_wgs	rhel	alignmentsieve
753.6	55.11	3	dt4	6	alsieve_human_wgs	rhel	alignmentsieve
825.74	56.78	4	dt4	6	alsieve_human_wgs	rhel	alignmentsieve
850.34	55.56	5	dt4	6	alsieve_human_wgs	rhel	alignmentsieve
786.32	58.16	1	dt4	7	alsieve_human_wgs	rhel	alignmentsieve
802.8	56.49	2	dt4	7	alsieve_human_wgs	rhel	alignmentsieve
753.15	57.11	3	dt4	7	alsieve_human_wgs	rhel	alignmentsieve
835.38	54.25	4	dt4	7	alsieve_human_wgs	rhel	alignmentsieve
877.81	58.48	5	dt4	7	alsieve_human_wgs	rhel	alignmentsieve
766.07	54.78	1	dt4	8	alsieve_human_wgs	rhel	alignmentsieve
774.0	60.23	2	dt4	8	alsieve_human_wgs	rhel	alignmentsieve
764.75	59.16	3	dt4	8	alsieve_human_wgs	rhel	alignmentsieve
810.91	58.45	4	dt4	8	alsieve_human_wgs	rhel	alignmentsieve
846.46	53.14	5	dt4	8	alsieve_human_wgs	rhel	alignmentsieve
929.96	51.16	1	dt4	9	alsieve_human_wgs	rhel	alignmentsieve
1000.85	59.91	2	dt4	9	alsieve_human_wgs	rhel	alignmentsieve
813.66	55.45	3	dt4	9	alsieve_human_wgs	rhel	alignmentsieve
774.43	55.71	4	dt4	9	alsieve_human_wgs	rhel	alignmentsieve
780.63	57.39	5	dt4	9	alsieve_human_wgs	rhel	alignmentsieve
769.18	62.66	1	dt4	10	alsieve_human_wgs	rhel	alignmentsieve
801.9	56.44	2	dt4	10	alsieve_human_wgs	rhel	alignmentsieve
836.59	58.88	3	dt4	10	alsieve_human_wgs	rhel	alignmentsieve
758.24	61.03	4	dt4	10	alsieve_human_wgs	rhel	alignmentsieve
777.82	59.27	5	dt4	10	alsieve_human_wgs	rhel	alignmentsieve
861.99	55.73	1	dt4	11	alsieve_human_wgs	rhel	alignmentsieve
896.96	59.62	2	dt4	11	alsieve_human_wgs	rhel	alignmentsieve
945.22	58.48	3	dt4	11	alsieve_human_wgs	rhel	alignmentsieve
818.16	59.11	4	dt4	11	alsieve_human_wgs	rhel	alignmentsieve
821.61	56.51	5	dt4	11	alsieve_human_wgs	rhel	alignmentsieve
812.92	54.24	1	dt4	12	alsieve_human_wgs	rhel	alignmentsieve
754.64	60.86	2	dt4	12	alsieve_human_wgs	rhel	alignmentsieve
901.94	59.69	3	dt4	12	alsieve_human_wgs	rhel	alignmentsieve
773.0	61.3	4	dt4	12	alsieve_human_wgs	rhel	alignmentsieve
799.71	55.34	5	dt4	12	alsieve_human_wgs	rhel	alignmentsieve
759.41	58.14	1	dt4	13	alsieve_human_wgs	rhel	alignmentsieve
842.32	56.82	2	dt4	13	alsieve_human_wgs	rhel	alignmentsieve
796.92	57.05	3	dt4	13	alsieve_human_wgs	rhel	alignmentsieve
768.47	60.84	4	dt4	13	alsieve_human_wgs	rhel	alignmentsieve
799.32	61.3	5	dt4	13	alsieve_human_wgs	rhel	alignmentsieve
810.46	61.01	1	dt4	14	alsieve_human_wgs	rhel	alignmentsieve
780.76	57.05	2	dt4	14	alsieve_human_wgs	rhel	alignmentsieve
810.67	62.24	3	dt4	14	alsieve_human_wgs	rhel	alignmentsieve
756.62	58.18	4	dt4	14	alsieve_human_wgs	rhel	alignmentsieve
795.32	57.18	5	dt4	14	alsieve_human_wgs	rhel	alignmentsieve
807.13	58.03	1	dt4	15	alsieve_human_wgs	rhel	alignmentsieve
750.08	59.99	2	dt4	15	alsieve_human_wgs	rhel	alignmentsieve
764.43	58.9	3	dt4	15	alsieve_human_wgs	rhel	alignmentsieve
813.68	62.63	4	dt4	15	alsieve_human_wgs	rhel	alignmentsieve
847.07	60.2	5	dt4	15	alsieve_human_wgs	rhel	alignmentsieve
846.63	58.06	1	dt4	16	alsieve_human_wgs	rhel	alignmentsieve
778.81	58.15	2	dt4	16	alsieve_human_wgs	rhel	alignmentsieve
797.21	56.69	3	dt4	16	alsieve_human_wgs	rhel	alignmentsieve
767.82	56.68	4	dt4	16	alsieve_human_wgs	rhel	alignmentsieve
761.93	58.88	5	dt4	16	alsieve_human_wgs	rhel	alignmentsieve
765.7	55.11	1	dt4	17	alsieve_human_wgs	rhel	alignmentsieve
796.85	59.23	2	dt4	17	alsieve_human_wgs	rhel	alignmentsieve
870.25	57.96	3	dt4	17	alsieve_human_wgs	rhel	alignmentsieve
776.56	58.14	4	dt4	17	alsieve_human_wgs	rhel	alignmentsieve
758.54	59.18	5	dt4	17	alsieve_human_wgs	rhel	alignmentsieve
799.16	59.21	1	dt4	18	alsieve_human_wgs	rhel	alignmentsieve
832.02	59.55	2	dt4	18	alsieve_human_wgs	rhel	alignmentsieve
786.16	57.17	3	dt4	18	alsieve_human_wgs	rhel	alignmentsieve
766.32	58.29	4	dt4	18	alsieve_human_wgs	rhel	alignmentsieve
787.22	57.13	5	dt4	18	alsieve_human_wgs	rhel	alignmentsieve
802.65	61.24	1	dt4	19	alsieve_human_wgs	rhel	alignmentsieve
759.46	57.04	2	dt4	19	alsieve_human_wgs	rhel	alignmentsieve
764.49	56.13	3	dt4	19	alsieve_human_wgs	rhel	alignmentsieve
798.09	61.8	4	dt4	19	alsieve_human_wgs	rhel	alignmentsieve
780.76	58.62	5	dt4	19	alsieve_human_wgs	rhel	alignmentsieve
818.83	57.39	1	dt4	20	alsieve_human_wgs	rhel	alignmentsieve
785.45	58.03	2	dt4	20	alsieve_human_wgs	rhel	alignmentsieve
754.87	59.0	3	dt4	20	alsieve_human_wgs	rhel	alignmentsieve
785.16	56.02	4	dt4	20	alsieve_human_wgs	rhel	alignmentsieve
858.16	58.41	5	dt4	20	alsieve_human_wgs	rhel	alignmentsieve
113.29	55.31	1	dt4	1	alsieve_triticum_chip	rhel	alignmentsieve
112.23	57.09	2	dt4	1	alsieve_triticum_chip	rhel	alignmentsieve
115.86	54.87	3	dt4	1	alsieve_triticum_chip	rhel	alignmentsieve
110.85	57.12	4	dt4	1	alsieve_triticum_chip	rhel	alignmentsieve
111.2	53.98	5	dt4	1	alsieve_triticum_chip	rhel	alignmentsieve
88.26	54.94	1	dt4	2	alsieve_triticum_chip	rhel	alignmentsieve
87.36	54.02	2	dt4	2	alsieve_triticum_chip	rhel	alignmentsieve
89.52	55.02	3	dt4	2	alsieve_triticum_chip	rhel	alignmentsieve
93.95	55.53	4	dt4	2	alsieve_triticum_chip	rhel	alignmentsieve
91.16	53.36	5	dt4	2	alsieve_triticum_chip	rhel	alignmentsieve
120.69	56.66	1	dt4	3	alsieve_triticum_chip	rhel	alignmentsieve
91.66	51.88	2	dt4	3	alsieve_triticum_chip	rhel	alignmentsieve
119.79	56.62	3	dt4	3	alsieve_triticum_chip	rhel	alignmentsieve
88.22	57.28	4	dt4	3	alsieve_triticum_chip	rhel	alignmentsieve
87.75	55.07	5	dt4	3	alsieve_triticum_chip	rhel	alignmentsieve
92.96	57.06	1	dt4	4	alsieve_triticum_chip	rhel	alignmentsieve
103.8	57.83	2	dt4	4	alsieve_triticum_chip	rhel	alignmentsieve
90.72	56.89	3	dt4	4	alsieve_triticum_chip	rhel	alignmentsieve
88.74	55.54	4	dt4	4	alsieve_triticum_chip	rhel	alignmentsieve
86.52	55.62	5	dt4	4	alsieve_triticum_chip	rhel	alignmentsieve
50.56	56.0	1	dt4	5	alsieve_triticum_chip	rhel	alignmentsieve
48.75	56.07	2	dt4	5	alsieve_triticum_chip	rhel	alignmentsieve
51.06	58.24	3	dt4	5	alsieve_triticum_chip	rhel	alignmentsieve
44.98	58.52	4	dt4	5	alsieve_triticum_chip	rhel	alignmentsieve
43.91	56.49	5	dt4	5	alsieve_triticum_chip	rhel	alignmentsieve
47.76	59.24	1	dt4	6	alsieve_triticum_chip	rhel	alignmentsieve
48.75	58.0	2	dt4	6	alsieve_triticum_chip	rhel	alignmentsieve
52.8	60.84	3	dt4	6	alsieve_triticum_chip	rhel	alignmentsieve
60.84	57.94	4	dt4	6	alsieve_triticum_chip	rhel	alignmentsieve
45.77	55.73	5	dt4	6	alsieve_triticum_chip	rhel	alignmentsieve
44.31	56.65	1	dt4	7	alsieve_triticum_chip	rhel	alignmentsieve
42.27	57.17	2	dt4	7	alsieve_triticum_chip	rhel	alignmentsieve
48.39	52.54	3	dt4	7	alsieve_triticum_chip	rhel	alignmentsieve
53.06	54.25	4	dt4	7	alsieve_triticum_chip	rhel	alignmentsieve
51.16	57.41	5	dt4	7	alsieve_triticum_chip	rhel	alignmentsieve
53.87	59.22	1	dt4	8	alsieve_triticum_chip	rhel	alignmentsieve
44.61	57.76	2	dt4	8	alsieve_triticum_chip	rhel	alignmentsieve
44.72	57.12	3	dt4	8	alsieve_triticum_chip	rhel	alignmentsieve
42.68	58.12	4	dt4	8	alsieve_triticum_chip	rhel	alignmentsieve
46.4	57.4	5	dt4	8	alsieve_triticum_chip	rhel	alignmentsieve
48.34	58.29	1	dt4	9	alsieve_triticum_chip	rhel	alignmentsieve
56.08	56.54	2	dt4	9	alsieve_triticum_chip	rhel	alignmentsieve
50.71	58.23	3	dt4	9	alsieve_triticum_chip	rhel	alignmentsieve
42.34	57.52	4	dt4	9	alsieve_triticum_chip	rhel	alignmentsieve
48.45	55.02	5	dt4	9	alsieve_triticum_chip	rhel	alignmentsieve
42.28	55.54	1	dt4	10	alsieve_triticum_chip	rhel	alignmentsieve
56.45	60.48	2	dt4	10	alsieve_triticum_chip	rhel	alignmentsieve
48.07	57.15	3	dt4	10	alsieve_triticum_chip	rhel	alignmentsieve
43.15	59.43	4	dt4	10	alsieve_triticum_chip	rhel	alignmentsieve
45.17	56.08	5	dt4	10	alsieve_triticum_chip	rhel	alignmentsieve
43.15	57.55	1	dt4	11	alsieve_triticum_chip	rhel	alignmentsieve
46.31	60.3	2	dt4	11	alsieve_triticum_chip	rhel	alignmentsieve
51.34	55.44	3	dt4	11	alsieve_triticum_chip	rhel	alignmentsieve
60.84	54.45	4	dt4	11	alsieve_triticum_chip	rhel	alignmentsieve
55.89	59.48	5	dt4	11	alsieve_triticum_chip	rhel	alignmentsieve
43.2	56.94	1	dt4	12	alsieve_triticum_chip	rhel	alignmentsieve
44.33	55.88	2	dt4	12	alsieve_triticum_chip	rhel	alignmentsieve
44.75	56.86	3	dt4	12	alsieve_triticum_chip	rhel	alignmentsieve
46.07	58.05	4	dt4	12	alsieve_triticum_chip	rhel	alignmentsieve
45.04	58.17	5	dt4	12	alsieve_triticum_chip	rhel	alignmentsieve
47.46	55.12	1	dt4	13	alsieve_triticum_chip	rhel	alignmentsieve
50.87	60.02	2	dt4	13	alsieve_triticum_chip	rhel	alignmentsieve
49.83	52.71	3	dt4	13	alsieve_triticum_chip	rhel	alignmentsieve
46.19	57.59	4	dt4	13	alsieve_triticum_chip	rhel	alignmentsieve
52.51	58.4	5	dt4	13	alsieve_triticum_chip	rhel	alignmentsieve
52.85	58.58	1	dt4	14	alsieve_triticum_chip	rhel	alignmentsieve
49.68	58.09	2	dt4	14	alsieve_triticum_chip	rhel	alignmentsieve
60.86	54.14	3	dt4	14	alsieve_triticum_chip	rhel	alignmentsieve
43.11	53.84	4	dt4	14	alsieve_triticum_chip	rhel	alignmentsieve
44.71	55.93	5	dt4	14	alsieve_triticum_chip	rhel	alignmentsieve
45.82	57.29	1	dt4	15	alsieve_triticum_chip	rhel	alignmentsieve
46.29	56.95	2	dt4	15	alsieve_triticum_chip	rhel	alignmentsieve
54.84	61.23	3	dt4	15	alsieve_triticum_chip	rhel	alignmentsieve
50.17	54.23	4	dt4	15	alsieve_triticum_chip	rhel	alignmentsieve
43.97	55.48	5	dt4	15	alsieve_triticum_chip	rhel	alignmentsieve
44.21	52.42	1	dt4	16	alsieve_triticum_chip	rhel	alignmentsieve
49.79	61.13	2	dt4	16	alsieve_triticum_chip	rhel	alignmentsieve
43.4	54.35	3	dt4	16	alsieve_triticum_chip	rhel	alignmentsieve
48.19	56.63	4	dt4	16	alsieve_triticum_chip	rhel	alignmentsieve
47.32	55.84	5	dt4	16	alsieve_triticum_chip	rhel	alignmentsieve
47.02	61.32	1	dt4	17	alsieve_triticum_chip	rhel	alignmentsieve
47.08	60.23	2	dt4	17	alsieve_triticum_chip	rhel	alignmentsieve
44.69	56.07	3	dt4	17	alsieve_triticum_chip	rhel	alignmentsieve
43.97	58.71	4	dt4	17	alsieve_triticum_chip	rhel	alignmentsieve
48.29	62.21	5	dt4	17	alsieve_triticum_chip	rhel	alignmentsieve
43.45	58.82	1	dt4	18	alsieve_triticum_chip	rhel	alignmentsieve
44.64	56.71	2	dt4	18	alsieve_triticum_chip	rhel	alignmentsieve
44.79	59.7	3	dt4	18	alsieve_triticum_chip	rhel	alignmentsieve
43.24	59.3	4	dt4	18	alsieve_triticum_chip	rhel	alignmentsieve
46.92	58.52	5	dt4	18	alsieve_triticum_chip	rhel	alignmentsieve
44.73	58.27	1	dt4	19	alsieve_triticum_chip	rhel	alignmentsieve
48.53	60.88	2	dt4	19	alsieve_triticum_chip	rhel	alignmentsieve
45.4	57.91	3	dt4	19	alsieve_triticum_chip	rhel	alignmentsieve
44.39	57.61	4	dt4	19	alsieve_triticum_chip	rhel	alignmentsieve
51.29	57.92	5	dt4	19	alsieve_triticum_chip	rhel	alignmentsieve
43.41	55.77	1	dt4	20	alsieve_triticum_chip	rhel	alignmentsieve
44.31	56.41	2	dt4	20	alsieve_triticum_chip	rhel	alignmentsieve
42.29	58.21	3	dt4	20	alsieve_triticum_chip	rhel	alignmentsieve
45.57	57.48	4	dt4	20	alsieve_triticum_chip	rhel	alignmentsieve
46.62	59.05	5	dt4	20	alsieve_triticum_chip	rhel	alignmentsieve
41.23	54.87	1	dt4	1	alsieve_triticum_rna	rhel	alignmentsieve
41.32	54.53	2	dt4	1	alsieve_triticum_rna	rhel	alignmentsieve
41.27	52.0	3	dt4	1	alsieve_triticum_rna	rhel	alignmentsieve
42.57	57.32	4	dt4	1	alsieve_triticum_rna	rhel	alignmentsieve
41.71	54.9	5	dt4	1	alsieve_triticum_rna	rhel	alignmentsieve
30.52	52.85	1	dt4	2	alsieve_triticum_rna	rhel	alignmentsieve
49.63	56.26	2	dt4	2	alsieve_triticum_rna	rhel	alignmentsieve
33.7	55.47	3	dt4	2	alsieve_triticum_rna	rhel	alignmentsieve
29.19	55.19	4	dt4	2	alsieve_triticum_rna	rhel	alignmentsieve
34.69	54.14	5	dt4	2	alsieve_triticum_rna	rhel	alignmentsieve
38.98	54.09	1	dt4	3	alsieve_triticum_rna	rhel	alignmentsieve
31.13	56.01	2	dt4	3	alsieve_triticum_rna	rhel	alignmentsieve
34.2	57.34	3	dt4	3	alsieve_triticum_rna	rhel	alignmentsieve
30.08	54.92	4	dt4	3	alsieve_triticum_rna	rhel	alignmentsieve
32.43	52.41	5	dt4	3	alsieve_triticum_rna	rhel	alignmentsieve
29.8	55.42	1	dt4	4	alsieve_triticum_rna	rhel	alignmentsieve
41.69	55.86	2	dt4	4	alsieve_triticum_rna	rhel	alignmentsieve
31.1	55.14	3	dt4	4	alsieve_triticum_rna	rhel	alignmentsieve
28.12	54.88	4	dt4	4	alsieve_triticum_rna	rhel	alignmentsieve
29.82	53.88	5	dt4	4	alsieve_triticum_rna	rhel	alignmentsieve
21.24	56.99	1	dt4	5	alsieve_triticum_rna	rhel	alignmentsieve
15.09	56.23	2	dt4	5	alsieve_triticum_rna	rhel	alignmentsieve
20.3	56.82	3	dt4	5	alsieve_triticum_rna	rhel	alignmentsieve
19.32	52.18	4	dt4	5	alsieve_triticum_rna	rhel	alignmentsieve
20.87	54.82	5	dt4	5	alsieve_triticum_rna	rhel	alignmentsieve
16.0	57.85	1	dt4	6	alsieve_triticum_rna	rhel	alignmentsieve
14.4	55.61	2	dt4	6	alsieve_triticum_rna	rhel	alignmentsieve
14.5	55.34	3	dt4	6	alsieve_triticum_rna	rhel	alignmentsieve
16.12	56.09	4	dt4	6	alsieve_triticum_rna	rhel	alignmentsieve
14.47	56.59	5	dt4	6	alsieve_triticum_rna	rhel	alignmentsieve
14.34	55.96	1	dt4	7	alsieve_triticum_rna	rhel	alignmentsieve
14.37	53.68	2	dt4	7	alsieve_triticum_rna	rhel	alignmentsieve
19.43	53.54	3	dt4	7	alsieve_triticum_rna	rhel	alignmentsieve
19.0	56.44	4	dt4	7	alsieve_triticum_rna	rhel	alignmentsieve
14.81	59.73	5	dt4	7	alsieve_triticum_rna	rhel	alignmentsieve
17.96	57.53	1	dt4	8	alsieve_triticum_rna	rhel	alignmentsieve
16.21	55.0	2	dt4	8	alsieve_triticum_rna	rhel	alignmentsieve
14.77	59.14	3	dt4	8	alsieve_triticum_rna	rhel	alignmentsieve
17.46	53.84	4	dt4	8	alsieve_triticum_rna	rhel	alignmentsieve
17.04	59.51	5	dt4	8	alsieve_triticum_rna	rhel	alignmentsieve
16.72	58.07	1	dt4	9	alsieve_triticum_rna	rhel	alignmentsieve
14.24	55.99	2	dt4	9	alsieve_triticum_rna	rhel	alignmentsieve
24.42	56.47	3	dt4	9	alsieve_triticum_rna	rhel	alignmentsieve
14.8	59.66	4	dt4	9	alsieve_triticum_rna	rhel	alignmentsieve
15.65	58.95	5	dt4	9	alsieve_triticum_rna	rhel	alignmentsieve
17.28	54.85	1	dt4	10	alsieve_triticum_rna	rhel	alignmentsieve
15.71	55.01	2	dt4	10	alsieve_triticum_rna	rhel	alignmentsieve
14.65	54.04	3	dt4	10	alsieve_triticum_rna	rhel	alignmentsieve
16.68	59.0	4	dt4	10	alsieve_triticum_rna	rhel	alignmentsieve
15.5	57.14	5	dt4	10	alsieve_triticum_rna	rhel	alignmentsieve
15.45	57.25	1	dt4	11	alsieve_triticum_rna	rhel	alignmentsieve
15.31	59.58	2	dt4	11	alsieve_triticum_rna	rhel	alignmentsieve
15.06	57.19	3	dt4	11	alsieve_triticum_rna	rhel	alignmentsieve
16.46	58.36	4	dt4	11	alsieve_triticum_rna	rhel	alignmentsieve
16.48	57.99	5	dt4	11	alsieve_triticum_rna	rhel	alignmentsieve
15.69	55.32	1	dt4	12	alsieve_triticum_rna	rhel	alignmentsieve
14.81	53.06	2	dt4	12	alsieve_triticum_rna	rhel	alignmentsieve
15.82	53.0	3	dt4	12	alsieve_triticum_rna	rhel	alignmentsieve
14.76	60.29	4	dt4	12	alsieve_triticum_rna	rhel	alignmentsieve
15.07	59.0	5	dt4	12	alsieve_triticum_rna	rhel	alignmentsieve
14.92	54.04	1	dt4	13	alsieve_triticum_rna	rhel	alignmentsieve
16.13	58.07	2	dt4	13	alsieve_triticum_rna	rhel	alignmentsieve
15.89	56.67	3	dt4	13	alsieve_triticum_rna	rhel	alignmentsieve
16.58	61.27	4	dt4	13	alsieve_triticum_rna	rhel	alignmentsieve
16.52	55.46	5	dt4	13	alsieve_triticum_rna	rhel	alignmentsieve
15.05	56.06	1	dt4	14	alsieve_triticum_rna	rhel	alignmentsieve
15.63	56.5	2	dt4	14	alsieve_triticum_rna	rhel	alignmentsieve
14.32	55.91	3	dt4	14	alsieve_triticum_rna	rhel	alignmentsieve
16.01	59.97	4	dt4	14	alsieve_triticum_rna	rhel	alignmentsieve
16.23	63.45	5	dt4	14	alsieve_triticum_rna	rhel	alignmentsieve
16.06	60.01	1	dt4	15	alsieve_triticum_rna	rhel	alignmentsieve
15.08	58.84	2	dt4	15	alsieve_triticum_rna	rhel	alignmentsieve
17.83	56.98	3	dt4	15	alsieve_triticum_rna	rhel	alignmentsieve
16.03	57.11	4	dt4	15	alsieve_triticum_rna	rhel	alignmentsieve
14.79	55.6	5	dt4	15	alsieve_triticum_rna	rhel	alignmentsieve
14.59	58.51	1	dt4	16	alsieve_triticum_rna	rhel	alignmentsieve
15.48	56.14	2	dt4	16	alsieve_triticum_rna	rhel	alignmentsieve
16.22	60.39	3	dt4	16	alsieve_triticum_rna	rhel	alignmentsieve
15.18	59.31	4	dt4	16	alsieve_triticum_rna	rhel	alignmentsieve
15.42	57.78	5	dt4	16	alsieve_triticum_rna	rhel	alignmentsieve
15.33	61.63	1	dt4	17	alsieve_triticum_rna	rhel	alignmentsieve
14.82	57.8	2	dt4	17	alsieve_triticum_rna	rhel	alignmentsieve
15.01	59.88	3	dt4	17	alsieve_triticum_rna	rhel	alignmentsieve
22.35	54.82	4	dt4	17	alsieve_triticum_rna	rhel	alignmentsieve
15.01	58.88	5	dt4	17	alsieve_triticum_rna	rhel	alignmentsieve
16.5	58.95	1	dt4	18	alsieve_triticum_rna	rhel	alignmentsieve
15.06	56.67	2	dt4	18	alsieve_triticum_rna	rhel	alignmentsieve
14.44	59.94	3	dt4	18	alsieve_triticum_rna	rhel	alignmentsieve
15.67	61.86	4	dt4	18	alsieve_triticum_rna	rhel	alignmentsieve
16.47	56.64	5	dt4	18	alsieve_triticum_rna	rhel	alignmentsieve
16.03	57.55	1	dt4	19	alsieve_triticum_rna	rhel	alignmentsieve
14.6	55.46	2	dt4	19	alsieve_triticum_rna	rhel	alignmentsieve
16.3	61.37	3	dt4	19	alsieve_triticum_rna	rhel	alignmentsieve
15.0	60.41	4	dt4	19	alsieve_triticum_rna	rhel	alignmentsieve
14.69	56.17	5	dt4	19	alsieve_triticum_rna	rhel	alignmentsieve
14.72	57.28	1	dt4	20	alsieve_triticum_rna	rhel	alignmentsieve
19.5	56.18	2	dt4	20	alsieve_triticum_rna	rhel	alignmentsieve
14.26	58.85	3	dt4	20	alsieve_triticum_rna	rhel	alignmentsieve
14.4	58.6	4	dt4	20	alsieve_triticum_rna	rhel	alignmentsieve
16.69	55.93	5	dt4	20	alsieve_triticum_rna	rhel	alignmentsieve
2112.34	54.35	1	dt4	1	alsieve_triticum_wgs	rhel	alignmentsieve
2112.35	57.89	2	dt4	1	alsieve_triticum_wgs	rhel	alignmentsieve
2095.54	55.59	3	dt4	1	alsieve_triticum_wgs	rhel	alignmentsieve
2091.79	56.21	4	dt4	1	alsieve_triticum_wgs	rhel	alignmentsieve
2103.34	54.44	5	dt4	1	alsieve_triticum_wgs	rhel	alignmentsieve
1541.3	52.77	1	dt4	2	alsieve_triticum_wgs	rhel	alignmentsieve
1552.16	58.29	2	dt4	2	alsieve_triticum_wgs	rhel	alignmentsieve
2065.28	55.61	3	dt4	2	alsieve_triticum_wgs	rhel	alignmentsieve
1606.2	55.84	4	dt4	2	alsieve_triticum_wgs	rhel	alignmentsieve
1604.13	53.71	5	dt4	2	alsieve_triticum_wgs	rhel	alignmentsieve
1857.13	56.13	1	dt4	3	alsieve_triticum_wgs	rhel	alignmentsieve
1709.33	56.86	2	dt4	3	alsieve_triticum_wgs	rhel	alignmentsieve
1545.67	55.25	3	dt4	3	alsieve_triticum_wgs	rhel	alignmentsieve
1609.49	53.11	4	dt4	3	alsieve_triticum_wgs	rhel	alignmentsieve
1577.67	58.26	5	dt4	3	alsieve_triticum_wgs	rhel	alignmentsieve
2155.0	54.23	1	dt4	4	alsieve_triticum_wgs	rhel	alignmentsieve
1551.27	53.85	2	dt4	4	alsieve_triticum_wgs	rhel	alignmentsieve
1656.07	57.04	3	dt4	4	alsieve_triticum_wgs	rhel	alignmentsieve
1534.74	56.03	4	dt4	4	alsieve_triticum_wgs	rhel	alignmentsieve
1510.42	56.84	5	dt4	4	alsieve_triticum_wgs	rhel	alignmentsieve
1008.07	56.25	1	dt4	5	alsieve_triticum_wgs	rhel	alignmentsieve
889.35	58.35	2	dt4	5	alsieve_triticum_wgs	rhel	alignmentsieve
910.48	56.26	3	dt4	5	alsieve_triticum_wgs	rhel	alignmentsieve
896.63	55.96	4	dt4	5	alsieve_triticum_wgs	rhel	alignmentsieve
911.94	57.09	5	dt4	5	alsieve_triticum_wgs	rhel	alignmentsieve
954.77	55.82	1	dt4	6	alsieve_triticum_wgs	rhel	alignmentsieve
930.47	55.51	2	dt4	6	alsieve_triticum_wgs	rhel	alignmentsieve
1046.43	57.83	3	dt4	6	alsieve_triticum_wgs	rhel	alignmentsieve
971.24	58.38	4	dt4	6	alsieve_triticum_wgs	rhel	alignmentsieve
905.26	55.16	5	dt4	6	alsieve_triticum_wgs	rhel	alignmentsieve
889.92	58.67	1	dt4	7	alsieve_triticum_wgs	rhel	alignmentsieve
896.22	58.1	2	dt4	7	alsieve_triticum_wgs	rhel	alignmentsieve
899.78	57.35	3	dt4	7	alsieve_triticum_wgs	rhel	alignmentsieve
919.99	55.69	4	dt4	7	alsieve_triticum_wgs	rhel	alignmentsieve
955.9	58.34	5	dt4	7	alsieve_triticum_wgs	rhel	alignmentsieve
932.77	58.98	1	dt4	8	alsieve_triticum_wgs	rhel	alignmentsieve
944.31	55.21	2	dt4	8	alsieve_triticum_wgs	rhel	alignmentsieve
936.57	56.2	3	dt4	8	alsieve_triticum_wgs	rhel	alignmentsieve
927.56	54.55	4	dt4	8	alsieve_triticum_wgs	rhel	alignmentsieve
901.3	57.32	5	dt4	8	alsieve_triticum_wgs	rhel	alignmentsieve
952.12	57.97	1	dt4	9	alsieve_triticum_wgs	rhel	alignmentsieve
1049.45	58.99	2	dt4	9	alsieve_triticum_wgs	rhel	alignmentsieve
940.68	57.11	3	dt4	9	alsieve_triticum_wgs	rhel	alignmentsieve
935.37	53.71	4	dt4	9	alsieve_triticum_wgs	rhel	alignmentsieve
1024.21	53.7	5	dt4	9	alsieve_triticum_wgs	rhel	alignmentsieve
902.36	59.05	1	dt4	10	alsieve_triticum_wgs	rhel	alignmentsieve
920.66	58.18	2	dt4	10	alsieve_triticum_wgs	rhel	alignmentsieve
940.7	58.95	3	dt4	10	alsieve_triticum_wgs	rhel	alignmentsieve
984.7	58.29	4	dt4	10	alsieve_triticum_wgs	rhel	alignmentsieve
953.34	57.94	5	dt4	10	alsieve_triticum_wgs	rhel	alignmentsieve
937.06	59.81	1	dt4	11	alsieve_triticum_wgs	rhel	alignmentsieve
1002.65	59.51	2	dt4	11	alsieve_triticum_wgs	rhel	alignmentsieve
898.71	57.35	3	dt4	11	alsieve_triticum_wgs	rhel	alignmentsieve
904.31	56.98	4	dt4	11	alsieve_triticum_wgs	rhel	alignmentsieve
950.73	63.64	5	dt4	11	alsieve_triticum_wgs	rhel	alignmentsieve
971.19	59.46	1	dt4	12	alsieve_triticum_wgs	rhel	alignmentsieve
897.31	57.3	2	dt4	12	alsieve_triticum_wgs	rhel	alignmentsieve
950.76	60.95	3	dt4	12	alsieve_triticum_wgs	rhel	alignmentsieve
945.48	58.14	4	dt4	12	alsieve_triticum_wgs	rhel	alignmentsieve
907.85	59.61	5	dt4	12	alsieve_triticum_wgs	rhel	alignmentsieve
976.84	61.43	1	dt4	13	alsieve_triticum_wgs	rhel	alignmentsieve
1032.21	58.72	2	dt4	13	alsieve_triticum_wgs	rhel	alignmentsieve
1011.43	58.75	3	dt4	13	alsieve_triticum_wgs	rhel	alignmentsieve
900.63	55.61	4	dt4	13	alsieve_triticum_wgs	rhel	alignmentsieve
969.88	59.24	5	dt4	13	alsieve_triticum_wgs	rhel	alignmentsieve
927.24	58.86	1	dt4	14	alsieve_triticum_wgs	rhel	alignmentsieve
902.89	57.87	2	dt4	14	alsieve_triticum_wgs	rhel	alignmentsieve
1001.47	58.8	3	dt4	14	alsieve_triticum_wgs	rhel	alignmentsieve
917.12	57.44	4	dt4	14	alsieve_triticum_wgs	rhel	alignmentsieve
995.01	57.86	5	dt4	14	alsieve_triticum_wgs	rhel	alignmentsieve
914.36	54.94	1	dt4	15	alsieve_triticum_wgs	rhel	alignmentsieve
930.84	53.73	2	dt4	15	alsieve_triticum_wgs	rhel	alignmentsieve
1116.1	55.32	3	dt4	15	alsieve_triticum_wgs	rhel	alignmentsieve
930.91	59.41	4	dt4	15	alsieve_triticum_wgs	rhel	alignmentsieve
999.34	56.57	5	dt4	15	alsieve_triticum_wgs	rhel	alignmentsieve
1010.07	59.18	1	dt4	16	alsieve_triticum_wgs	rhel	alignmentsieve
929.24	56.26	2	dt4	16	alsieve_triticum_wgs	rhel	alignmentsieve
1011.38	59.02	3	dt4	16	alsieve_triticum_wgs	rhel	alignmentsieve
1004.53	56.52	4	dt4	16	alsieve_triticum_wgs	rhel	alignmentsieve
931.54	58.82	5	dt4	16	alsieve_triticum_wgs	rhel	alignmentsieve
964.93	58.64	1	dt4	17	alsieve_triticum_wgs	rhel	alignmentsieve
891.86	56.23	2	dt4	17	alsieve_triticum_wgs	rhel	alignmentsieve
1022.53	59.53	3	dt4	17	alsieve_triticum_wgs	rhel	alignmentsieve
915.4	60.78	4	dt4	17	alsieve_triticum_wgs	rhel	alignmentsieve
1000.12	57.32	5	dt4	17	alsieve_triticum_wgs	rhel	alignmentsieve
958.04	56.5	1	dt4	18	alsieve_triticum_wgs	rhel	alignmentsieve
945.01	58.19	2	dt4	18	alsieve_triticum_wgs	rhel	alignmentsieve
985.89	60.42	3	dt4	18	alsieve_triticum_wgs	rhel	alignmentsieve
901.67	60.95	4	dt4	18	alsieve_triticum_wgs	rhel	alignmentsieve
999.04	60.69	5	dt4	18	alsieve_triticum_wgs	rhel	alignmentsieve
1037.78	56.93	1	dt4	19	alsieve_triticum_wgs	rhel	alignmentsieve
930.52	61.21	2	dt4	19	alsieve_triticum_wgs	rhel	alignmentsieve
1005.02	56.07	3	dt4	19	alsieve_triticum_wgs	rhel	alignmentsieve
899.63	59.01	4	dt4	19	alsieve_triticum_wgs	rhel	alignmentsieve
899.0	53.29	5	dt4	19	alsieve_triticum_wgs	rhel	alignmentsieve
950.75	60.73	1	dt4	20	alsieve_triticum_wgs	rhel	alignmentsieve
965.25	62.54	2	dt4	20	alsieve_triticum_wgs	rhel	alignmentsieve
934.2	62.96	3	dt4	20	alsieve_triticum_wgs	rhel	alignmentsieve
927.31	61.21	4	dt4	20	alsieve_triticum_wgs	rhel	alignmentsieve
971.16	57.86	5	dt4	20	alsieve_triticum_wgs	rhel	alignmentsieve
202.67	572.9	1	dt3	1	alsieve_human_chip	rhel	alignmentsieve
203.7	639.9	2	dt3	1	alsieve_human_chip	rhel	alignmentsieve
197.73	932.38	3	dt3	1	alsieve_human_chip	rhel	alignmentsieve
177.6	59.85	4	dt3	1	alsieve_human_chip	rhel	alignmentsieve
180.93	62.86	5	dt3	1	alsieve_human_chip	rhel	alignmentsieve
155.36	269.59	1	dt3	2	alsieve_human_chip	rhel	alignmentsieve
218.65	166.88	2	dt3	2	alsieve_human_chip	rhel	alignmentsieve
106.67	165.62	3	dt3	2	alsieve_human_chip	rhel	alignmentsieve
156.8	166.69	4	dt3	2	alsieve_human_chip	rhel	alignmentsieve
110.07	922.22	5	dt3	2	alsieve_human_chip	rhel	alignmentsieve
185.56	706.23	1	dt3	3	alsieve_human_chip	rhel	alignmentsieve
143.63	611.23	2	dt3	3	alsieve_human_chip	rhel	alignmentsieve
268.95	922.04	3	dt3	3	alsieve_human_chip	rhel	alignmentsieve
81.47	734.97	4	dt3	3	alsieve_human_chip	rhel	alignmentsieve
91.16	218.7	5	dt3	3	alsieve_human_chip	rhel	alignmentsieve
76.24	285.53	1	dt3	4	alsieve_human_chip	rhel	alignmentsieve
188.5	355.12	2	dt3	4	alsieve_human_chip	rhel	alignmentsieve
176.97	920.47	3	dt3	4	alsieve_human_chip	rhel	alignmentsieve
71.08	331.62	4	dt3	4	alsieve_human_chip	rhel	alignmentsieve
78.55	923.46	5	dt3	4	alsieve_human_chip	rhel	alignmentsieve
43.82	318.15	1	dt3	5	alsieve_human_chip	rhel	alignmentsieve
45.18	338.2	2	dt3	5	alsieve_human_chip	rhel	alignmentsieve
62.88	334.62	3	dt3	5	alsieve_human_chip	rhel	alignmentsieve
40.96	347.74	4	dt3	5	alsieve_human_chip	rhel	alignmentsieve
46.12	343.68	5	dt3	5	alsieve_human_chip	rhel	alignmentsieve
44.24	414.51	1	dt3	6	alsieve_human_chip	rhel	alignmentsieve
47.67	922.85	2	dt3	6	alsieve_human_chip	rhel	alignmentsieve
47.0	921.69	3	dt3	6	alsieve_human_chip	rhel	alignmentsieve
46.8	394.33	4	dt3	6	alsieve_human_chip	rhel	alignmentsieve
48.26	919.43	5	dt3	6	alsieve_human_chip	rhel	alignmentsieve
37.68	445.04	1	dt3	7	alsieve_human_chip	rhel	alignmentsieve
47.36	922.67	2	dt3	7	alsieve_human_chip	rhel	alignmentsieve
40.51	431.98	3	dt3	7	alsieve_human_chip	rhel	alignmentsieve
40.24	453.61	4	dt3	7	alsieve_human_chip	rhel	alignmentsieve
35.86	442.95	5	dt3	7	alsieve_human_chip	rhel	alignmentsieve
33.11	492.1	1	dt3	8	alsieve_human_chip	rhel	alignmentsieve
33.87	605.84	2	dt3	8	alsieve_human_chip	rhel	alignmentsieve
32.13	506.11	3	dt3	8	alsieve_human_chip	rhel	alignmentsieve
32.65	489.72	4	dt3	8	alsieve_human_chip	rhel	alignmentsieve
34.81	503.25	5	dt3	8	alsieve_human_chip	rhel	alignmentsieve
36.3	566.0	1	dt3	9	alsieve_human_chip	rhel	alignmentsieve
39.35	549.16	2	dt3	9	alsieve_human_chip	rhel	alignmentsieve
33.12	550.55	3	dt3	9	alsieve_human_chip	rhel	alignmentsieve
32.23	566.95	4	dt3	9	alsieve_human_chip	rhel	alignmentsieve
28.8	562.68	5	dt3	9	alsieve_human_chip	rhel	alignmentsieve
47.57	923.22	1	dt3	10	alsieve_human_chip	rhel	alignmentsieve
34.35	601.0	2	dt3	10	alsieve_human_chip	rhel	alignmentsieve
35.43	613.7	3	dt3	10	alsieve_human_chip	rhel	alignmentsieve
29.23	742.88	4	dt3	10	alsieve_human_chip	rhel	alignmentsieve
34.38	606.29	5	dt3	10	alsieve_human_chip	rhel	alignmentsieve
31.41	678.96	1	dt3	11	alsieve_human_chip	rhel	alignmentsieve
36.89	676.83	2	dt3	11	alsieve_human_chip	rhel	alignmentsieve
36.96	675.55	3	dt3	11	alsieve_human_chip	rhel	alignmentsieve
23.92	673.86	4	dt3	11	alsieve_human_chip	rhel	alignmentsieve
29.3	665.01	5	dt3	11	alsieve_human_chip	rhel	alignmentsieve
28.32	783.36	1	dt3	12	alsieve_human_chip	rhel	alignmentsieve
30.56	724.31	2	dt3	12	alsieve_human_chip	rhel	alignmentsieve
28.65	720.65	3	dt3	12	alsieve_human_chip	rhel	alignmentsieve
24.99	708.86	4	dt3	12	alsieve_human_chip	rhel	alignmentsieve
28.21	727.73	5	dt3	12	alsieve_human_chip	rhel	alignmentsieve
36.87	772.77	1	dt3	13	alsieve_human_chip	rhel	alignmentsieve
22.3	998.68	2	dt3	13	alsieve_human_chip	rhel	alignmentsieve
40.51	791.15	3	dt3	13	alsieve_human_chip	rhel	alignmentsieve
23.04	762.46	4	dt3	13	alsieve_human_chip	rhel	alignmentsieve
26.33	775.25	5	dt3	13	alsieve_human_chip	rhel	alignmentsieve
20.17	860.84	1	dt3	14	alsieve_human_chip	rhel	alignmentsieve
19.12	923.6	2	dt3	14	alsieve_human_chip	rhel	alignmentsieve
18.21	903.64	3	dt3	14	alsieve_human_chip	rhel	alignmentsieve
19.89	881.25	4	dt3	14	alsieve_human_chip	rhel	alignmentsieve
19.07	814.94	5	dt3	14	alsieve_human_chip	rhel	alignmentsieve
21.47	866.46	1	dt3	15	alsieve_human_chip	rhel	alignmentsieve
21.46	871.71	2	dt3	15	alsieve_human_chip	rhel	alignmentsieve
20.02	919.45	3	dt3	15	alsieve_human_chip	rhel	alignmentsieve
22.92	900.82	4	dt3	15	alsieve_human_chip	rhel	alignmentsieve
17.78	924.15	5	dt3	15	alsieve_human_chip	rhel	alignmentsieve
22.68	948.88	1	dt3	16	alsieve_human_chip	rhel	alignmentsieve
32.85	932.18	2	dt3	16	alsieve_human_chip	rhel	alignmentsieve
31.38	1136.23	3	dt3	16	alsieve_human_chip	rhel	alignmentsieve
20.07	922.57	4	dt3	16	alsieve_human_chip	rhel	alignmentsieve
19.49	925.88	5	dt3	16	alsieve_human_chip	rhel	alignmentsieve
18.07	974.73	1	dt3	17	alsieve_human_chip	rhel	alignmentsieve
22.14	1022.65	2	dt3	17	alsieve_human_chip	rhel	alignmentsieve
19.52	988.23	3	dt3	17	alsieve_human_chip	rhel	alignmentsieve
19.72	1004.05	4	dt3	17	alsieve_human_chip	rhel	alignmentsieve
16.91	991.99	5	dt3	17	alsieve_human_chip	rhel	alignmentsieve
23.03	1102.48	1	dt3	18	alsieve_human_chip	rhel	alignmentsieve
21.99	1032.58	2	dt3	18	alsieve_human_chip	rhel	alignmentsieve
15.89	1074.26	3	dt3	18	alsieve_human_chip	rhel	alignmentsieve
18.24	1061.35	4	dt3	18	alsieve_human_chip	rhel	alignmentsieve
16.95	1068.07	5	dt3	18	alsieve_human_chip	rhel	alignmentsieve
15.51	1136.9	1	dt3	19	alsieve_human_chip	rhel	alignmentsieve
18.19	1111.55	2	dt3	19	alsieve_human_chip	rhel	alignmentsieve
14.41	1111.95	3	dt3	19	alsieve_human_chip	rhel	alignmentsieve
17.35	1095.18	4	dt3	19	alsieve_human_chip	rhel	alignmentsieve
14.8	1127.46	5	dt3	19	alsieve_human_chip	rhel	alignmentsieve
15.19	1150.68	1	dt3	20	alsieve_human_chip	rhel	alignmentsieve
14.38	1235.16	2	dt3	20	alsieve_human_chip	rhel	alignmentsieve
14.03	1119.59	3	dt3	20	alsieve_human_chip	rhel	alignmentsieve
16.36	1174.46	4	dt3	20	alsieve_human_chip	rhel	alignmentsieve
19.25	1258.49	5	dt3	20	alsieve_human_chip	rhel	alignmentsieve
961.44	679.0	1	dt3	1	alsieve_human_rna	rhel	alignmentsieve
997.16	677.52	2	dt3	1	alsieve_human_rna	rhel	alignmentsieve
960.37	663.21	3	dt3	1	alsieve_human_rna	rhel	alignmentsieve
988.44	839.18	4	dt3	1	alsieve_human_rna	rhel	alignmentsieve
932.65	585.13	5	dt3	1	alsieve_human_rna	rhel	alignmentsieve
529.78	817.6	1	dt3	2	alsieve_human_rna	rhel	alignmentsieve
626.39	290.14	2	dt3	2	alsieve_human_rna	rhel	alignmentsieve
663.95	676.75	3	dt3	2	alsieve_human_rna	rhel	alignmentsieve
745.66	818.42	4	dt3	2	alsieve_human_rna	rhel	alignmentsieve
562.06	818.35	5	dt3	2	alsieve_human_rna	rhel	alignmentsieve
723.9	819.66	1	dt3	3	alsieve_human_rna	rhel	alignmentsieve
622.63	817.32	2	dt3	3	alsieve_human_rna	rhel	alignmentsieve
699.85	817.9	3	dt3	3	alsieve_human_rna	rhel	alignmentsieve
416.43	761.36	4	dt3	3	alsieve_human_rna	rhel	alignmentsieve
517.12	638.79	5	dt3	3	alsieve_human_rna	rhel	alignmentsieve
414.18	817.01	1	dt3	4	alsieve_human_rna	rhel	alignmentsieve
368.31	395.94	2	dt3	4	alsieve_human_rna	rhel	alignmentsieve
355.46	819.02	3	dt3	4	alsieve_human_rna	rhel	alignmentsieve
364.44	606.52	4	dt3	4	alsieve_human_rna	rhel	alignmentsieve
356.5	786.71	5	dt3	4	alsieve_human_rna	rhel	alignmentsieve
468.42	819.42	1	dt3	5	alsieve_human_rna	rhel	alignmentsieve
379.54	820.03	2	dt3	5	alsieve_human_rna	rhel	alignmentsieve
355.71	818.22	3	dt3	5	alsieve_human_rna	rhel	alignmentsieve
530.53	817.97	4	dt3	5	alsieve_human_rna	rhel	alignmentsieve
367.62	506.57	5	dt3	5	alsieve_human_rna	rhel	alignmentsieve
365.7	558.3	1	dt3	6	alsieve_human_rna	rhel	alignmentsieve
359.76	705.46	2	dt3	6	alsieve_human_rna	rhel	alignmentsieve
361.78	635.3	3	dt3	6	alsieve_human_rna	rhel	alignmentsieve
382.4	817.26	4	dt3	6	alsieve_human_rna	rhel	alignmentsieve
355.52	818.54	5	dt3	6	alsieve_human_rna	rhel	alignmentsieve
311.46	670.68	1	dt3	7	alsieve_human_rna	rhel	alignmentsieve
376.12	618.43	2	dt3	7	alsieve_human_rna	rhel	alignmentsieve
376.23	635.98	3	dt3	7	alsieve_human_rna	rhel	alignmentsieve
411.38	815.2	4	dt3	7	alsieve_human_rna	rhel	alignmentsieve
386.24	816.25	5	dt3	7	alsieve_human_rna	rhel	alignmentsieve
332.59	726.27	1	dt3	8	alsieve_human_rna	rhel	alignmentsieve
362.28	705.13	2	dt3	8	alsieve_human_rna	rhel	alignmentsieve
352.15	819.19	3	dt3	8	alsieve_human_rna	rhel	alignmentsieve
356.62	817.42	4	dt3	8	alsieve_human_rna	rhel	alignmentsieve
337.25	679.32	5	dt3	8	alsieve_human_rna	rhel	alignmentsieve
530.82	922.73	1	dt3	9	alsieve_human_rna	rhel	alignmentsieve
331.5	808.15	2	dt3	9	alsieve_human_rna	rhel	alignmentsieve
355.38	813.33	3	dt3	9	alsieve_human_rna	rhel	alignmentsieve
335.33	755.04	4	dt3	9	alsieve_human_rna	rhel	alignmentsieve
365.37	747.41	5	dt3	9	alsieve_human_rna	rhel	alignmentsieve
333.55	826.58	1	dt3	10	alsieve_human_rna	rhel	alignmentsieve
373.69	887.71	2	dt3	10	alsieve_human_rna	rhel	alignmentsieve
379.77	964.21	3	dt3	10	alsieve_human_rna	rhel	alignmentsieve
363.18	863.98	4	dt3	10	alsieve_human_rna	rhel	alignmentsieve
370.19	893.66	5	dt3	10	alsieve_human_rna	rhel	alignmentsieve
357.96	1052.52	1	dt3	11	alsieve_human_rna	rhel	alignmentsieve
358.73	924.9	2	dt3	11	alsieve_human_rna	rhel	alignmentsieve
366.55	889.69	3	dt3	11	alsieve_human_rna	rhel	alignmentsieve
349.06	979.49	4	dt3	11	alsieve_human_rna	rhel	alignmentsieve
395.84	966.02	5	dt3	11	alsieve_human_rna	rhel	alignmentsieve
315.0	950.06	1	dt3	12	alsieve_human_rna	rhel	alignmentsieve
360.89	998.13	2	dt3	12	alsieve_human_rna	rhel	alignmentsieve
343.25	898.83	3	dt3	12	alsieve_human_rna	rhel	alignmentsieve
352.3	1013.36	4	dt3	12	alsieve_human_rna	rhel	alignmentsieve
327.13	950.83	5	dt3	12	alsieve_human_rna	rhel	alignmentsieve
344.23	993.56	1	dt3	13	alsieve_human_rna	rhel	alignmentsieve
335.68	1020.5	2	dt3	13	alsieve_human_rna	rhel	alignmentsieve
334.51	1058.21	3	dt3	13	alsieve_human_rna	rhel	alignmentsieve
323.64	1109.67	4	dt3	13	alsieve_human_rna	rhel	alignmentsieve
328.12	1019.65	5	dt3	13	alsieve_human_rna	rhel	alignmentsieve
347.71	1149.36	1	dt3	14	alsieve_human_rna	rhel	alignmentsieve
354.6	1076.89	2	dt3	14	alsieve_human_rna	rhel	alignmentsieve
348.06	1095.2	3	dt3	14	alsieve_human_rna	rhel	alignmentsieve
324.4	1124.21	4	dt3	14	alsieve_human_rna	rhel	alignmentsieve
362.9	1128.48	5	dt3	14	alsieve_human_rna	rhel	alignmentsieve
396.08	1160.91	1	dt3	15	alsieve_human_rna	rhel	alignmentsieve
318.94	1233.72	2	dt3	15	alsieve_human_rna	rhel	alignmentsieve
367.33	1356.37	3	dt3	15	alsieve_human_rna	rhel	alignmentsieve
337.42	1148.41	4	dt3	15	alsieve_human_rna	rhel	alignmentsieve
351.0	1103.23	5	dt3	15	alsieve_human_rna	rhel	alignmentsieve
315.27	1192.23	1	dt3	16	alsieve_human_rna	rhel	alignmentsieve
359.39	1217.72	2	dt3	16	alsieve_human_rna	rhel	alignmentsieve
354.42	1299.75	3	dt3	16	alsieve_human_rna	rhel	alignmentsieve
337.06	1234.95	4	dt3	16	alsieve_human_rna	rhel	alignmentsieve
332.44	1238.16	5	dt3	16	alsieve_human_rna	rhel	alignmentsieve
347.79	1250.66	1	dt3	17	alsieve_human_rna	rhel	alignmentsieve
379.07	1234.48	2	dt3	17	alsieve_human_rna	rhel	alignmentsieve
492.99	1354.7	3	dt3	17	alsieve_human_rna	rhel	alignmentsieve
363.4	1404.29	4	dt3	17	alsieve_human_rna	rhel	alignmentsieve
348.28	1245.28	5	dt3	17	alsieve_human_rna	rhel	alignmentsieve
361.51	1371.18	1	dt3	18	alsieve_human_rna	rhel	alignmentsieve
360.32	1356.77	2	dt3	18	alsieve_human_rna	rhel	alignmentsieve
331.5	1329.77	3	dt3	18	alsieve_human_rna	rhel	alignmentsieve
338.72	1376.4	4	dt3	18	alsieve_human_rna	rhel	alignmentsieve
327.25	1341.34	5	dt3	18	alsieve_human_rna	rhel	alignmentsieve
334.77	1384.59	1	dt3	19	alsieve_human_rna	rhel	alignmentsieve
336.48	1432.36	2	dt3	19	alsieve_human_rna	rhel	alignmentsieve
327.12	1369.2	3	dt3	19	alsieve_human_rna	rhel	alignmentsieve
333.69	1458.75	4	dt3	19	alsieve_human_rna	rhel	alignmentsieve
342.24	1442.38	5	dt3	19	alsieve_human_rna	rhel	alignmentsieve
380.12	1473.62	1	dt3	20	alsieve_human_rna	rhel	alignmentsieve
347.02	1792.14	2	dt3	20	alsieve_human_rna	rhel	alignmentsieve
327.55	1529.0	3	dt3	20	alsieve_human_rna	rhel	alignmentsieve
327.3	1466.8	4	dt3	20	alsieve_human_rna	rhel	alignmentsieve
314.57	1781.69	5	dt3	20	alsieve_human_rna	rhel	alignmentsieve
4382.12	992.32	1	dt3	1	alsieve_human_wgs	rhel	alignmentsieve
4411.66	1005.74	2	dt3	1	alsieve_human_wgs	rhel	alignmentsieve
4360.43	990.33	3	dt3	1	alsieve_human_wgs	rhel	alignmentsieve
4337.89	1009.62	4	dt3	1	alsieve_human_wgs	rhel	alignmentsieve
4360.74	994.35	5	dt3	1	alsieve_human_wgs	rhel	alignmentsieve
2554.4	977.78	1	dt3	2	alsieve_human_wgs	rhel	alignmentsieve
2413.73	977.97	2	dt3	2	alsieve_human_wgs	rhel	alignmentsieve
2415.42	972.76	3	dt3	2	alsieve_human_wgs	rhel	alignmentsieve
2869.12	976.47	4	dt3	2	alsieve_human_wgs	rhel	alignmentsieve
2377.12	973.32	5	dt3	2	alsieve_human_wgs	rhel	alignmentsieve
2463.58	976.77	1	dt3	3	alsieve_human_wgs	rhel	alignmentsieve
2833.84	975.86	2	dt3	3	alsieve_human_wgs	rhel	alignmentsieve
2254.52	975.36	3	dt3	3	alsieve_human_wgs	rhel	alignmentsieve
1594.18	977.22	4	dt3	3	alsieve_human_wgs	rhel	alignmentsieve
1605.24	974.9	5	dt3	3	alsieve_human_wgs	rhel	alignmentsieve
1625.98	976.41	1	dt3	4	alsieve_human_wgs	rhel	alignmentsieve
1952.61	971.66	2	dt3	4	alsieve_human_wgs	rhel	alignmentsieve
1934.51	972.29	3	dt3	4	alsieve_human_wgs	rhel	alignmentsieve
1477.29	976.27	4	dt3	4	alsieve_human_wgs	rhel	alignmentsieve
1336.72	973.22	5	dt3	4	alsieve_human_wgs	rhel	alignmentsieve
996.46	974.43	1	dt3	5	alsieve_human_wgs	rhel	alignmentsieve
1219.57	977.43	2	dt3	5	alsieve_human_wgs	rhel	alignmentsieve
1015.55	976.52	3	dt3	5	alsieve_human_wgs	rhel	alignmentsieve
1202.82	975.26	4	dt3	5	alsieve_human_wgs	rhel	alignmentsieve
1252.35	976.94	5	dt3	5	alsieve_human_wgs	rhel	alignmentsieve
887.03	972.32	1	dt3	6	alsieve_human_wgs	rhel	alignmentsieve
854.81	977.1	2	dt3	6	alsieve_human_wgs	rhel	alignmentsieve
990.86	974.79	3	dt3	6	alsieve_human_wgs	rhel	alignmentsieve
1135.04	975.38	4	dt3	6	alsieve_human_wgs	rhel	alignmentsieve
854.04	977.19	5	dt3	6	alsieve_human_wgs	rhel	alignmentsieve
827.09	975.03	1	dt3	7	alsieve_human_wgs	rhel	alignmentsieve
796.43	978.13	2	dt3	7	alsieve_human_wgs	rhel	alignmentsieve
873.23	974.97	3	dt3	7	alsieve_human_wgs	rhel	alignmentsieve
907.89	977.39	4	dt3	7	alsieve_human_wgs	rhel	alignmentsieve
740.43	976.57	5	dt3	7	alsieve_human_wgs	rhel	alignmentsieve
811.49	977.19	1	dt3	8	alsieve_human_wgs	rhel	alignmentsieve
882.39	976.78	2	dt3	8	alsieve_human_wgs	rhel	alignmentsieve
938.76	973.05	3	dt3	8	alsieve_human_wgs	rhel	alignmentsieve
754.07	975.46	4	dt3	8	alsieve_human_wgs	rhel	alignmentsieve
659.71	999.4	5	dt3	8	alsieve_human_wgs	rhel	alignmentsieve
855.09	1042.9	1	dt3	9	alsieve_human_wgs	rhel	alignmentsieve
720.98	1031.38	2	dt3	9	alsieve_human_wgs	rhel	alignmentsieve
904.34	1018.19	3	dt3	9	alsieve_human_wgs	rhel	alignmentsieve
683.57	1002.21	4	dt3	9	alsieve_human_wgs	rhel	alignmentsieve
730.14	1049.67	5	dt3	9	alsieve_human_wgs	rhel	alignmentsieve
665.78	1215.21	1	dt3	10	alsieve_human_wgs	rhel	alignmentsieve
747.89	1236.39	2	dt3	10	alsieve_human_wgs	rhel	alignmentsieve
738.52	1127.31	3	dt3	10	alsieve_human_wgs	rhel	alignmentsieve
658.38	1252.99	4	dt3	10	alsieve_human_wgs	rhel	alignmentsieve
588.78	1175.58	5	dt3	10	alsieve_human_wgs	rhel	alignmentsieve
710.62	1184.71	1	dt3	11	alsieve_human_wgs	rhel	alignmentsieve
731.19	1251.0	2	dt3	11	alsieve_human_wgs	rhel	alignmentsieve
649.86	1276.51	3	dt3	11	alsieve_human_wgs	rhel	alignmentsieve
629.73	1226.55	4	dt3	11	alsieve_human_wgs	rhel	alignmentsieve
662.35	1304.75	5	dt3	11	alsieve_human_wgs	rhel	alignmentsieve
682.13	1372.25	1	dt3	12	alsieve_human_wgs	rhel	alignmentsieve
598.59	1356.98	2	dt3	12	alsieve_human_wgs	rhel	alignmentsieve
638.12	1322.48	3	dt3	12	alsieve_human_wgs	rhel	alignmentsieve
636.65	1401.55	4	dt3	12	alsieve_human_wgs	rhel	alignmentsieve
511.93	1458.4	5	dt3	12	alsieve_human_wgs	rhel	alignmentsieve
662.51	1526.41	1	dt3	13	alsieve_human_wgs	rhel	alignmentsieve
667.3	1428.42	2	dt3	13	alsieve_human_wgs	rhel	alignmentsieve
665.58	1460.71	3	dt3	13	alsieve_human_wgs	rhel	alignmentsieve
461.38	1430.96	4	dt3	13	alsieve_human_wgs	rhel	alignmentsieve
549.98	1437.0	5	dt3	13	alsieve_human_wgs	rhel	alignmentsieve
614.68	1553.92	1	dt3	14	alsieve_human_wgs	rhel	alignmentsieve
554.45	1672.2	2	dt3	14	alsieve_human_wgs	rhel	alignmentsieve
620.07	1570.75	3	dt3	14	alsieve_human_wgs	rhel	alignmentsieve
487.44	1608.63	4	dt3	14	alsieve_human_wgs	rhel	alignmentsieve
430.59	1541.26	5	dt3	14	alsieve_human_wgs	rhel	alignmentsieve
579.82	1806.03	1	dt3	15	alsieve_human_wgs	rhel	alignmentsieve
590.99	1789.45	2	dt3	15	alsieve_human_wgs	rhel	alignmentsieve
590.96	1812.82	3	dt3	15	alsieve_human_wgs	rhel	alignmentsieve
521.62	1840.19	4	dt3	15	alsieve_human_wgs	rhel	alignmentsieve
419.13	1823.31	5	dt3	15	alsieve_human_wgs	rhel	alignmentsieve
502.96	1797.8	1	dt3	16	alsieve_human_wgs	rhel	alignmentsieve
527.54	1818.92	2	dt3	16	alsieve_human_wgs	rhel	alignmentsieve
580.52	1896.73	3	dt3	16	alsieve_human_wgs	rhel	alignmentsieve
462.57	1679.24	4	dt3	16	alsieve_human_wgs	rhel	alignmentsieve
425.65	1816.43	5	dt3	16	alsieve_human_wgs	rhel	alignmentsieve
493.9	1893.29	1	dt3	17	alsieve_human_wgs	rhel	alignmentsieve
545.86	1900.83	2	dt3	17	alsieve_human_wgs	rhel	alignmentsieve
498.45	1909.07	3	dt3	17	alsieve_human_wgs	rhel	alignmentsieve
448.6	1837.4	4	dt3	17	alsieve_human_wgs	rhel	alignmentsieve
395.75	1853.7	5	dt3	17	alsieve_human_wgs	rhel	alignmentsieve
520.37	1972.71	1	dt3	18	alsieve_human_wgs	rhel	alignmentsieve
518.32	2008.76	2	dt3	18	alsieve_human_wgs	rhel	alignmentsieve
517.8	2029.97	3	dt3	18	alsieve_human_wgs	rhel	alignmentsieve
422.32	2185.45	4	dt3	18	alsieve_human_wgs	rhel	alignmentsieve
414.41	2209.42	5	dt3	18	alsieve_human_wgs	rhel	alignmentsieve
447.58	2066.21	1	dt3	19	alsieve_human_wgs	rhel	alignmentsieve
537.62	2009.87	2	dt3	19	alsieve_human_wgs	rhel	alignmentsieve
506.67	2067.7	3	dt3	19	alsieve_human_wgs	rhel	alignmentsieve
399.95	2051.31	4	dt3	19	alsieve_human_wgs	rhel	alignmentsieve
370.36	2019.72	5	dt3	19	alsieve_human_wgs	rhel	alignmentsieve
450.11	2123.97	1	dt3	20	alsieve_human_wgs	rhel	alignmentsieve
472.46	2068.18	2	dt3	20	alsieve_human_wgs	rhel	alignmentsieve
497.26	2276.58	3	dt3	20	alsieve_human_wgs	rhel	alignmentsieve
371.5	2268.6	4	dt3	20	alsieve_human_wgs	rhel	alignmentsieve
403.19	2219.4	5	dt3	20	alsieve_human_wgs	rhel	alignmentsieve
937.53	134.4	1	dt3	1	alsieve_triticum_chip	rhel	alignmentsieve
966.16	1075.59	2	dt3	1	alsieve_triticum_chip	rhel	alignmentsieve
903.15	381.72	3	dt3	1	alsieve_triticum_chip	rhel	alignmentsieve
894.99	1141.75	4	dt3	1	alsieve_triticum_chip	rhel	alignmentsieve
912.76	111.91	5	dt3	1	alsieve_triticum_chip	rhel	alignmentsieve
498.93	1462.65	1	dt3	2	alsieve_triticum_chip	rhel	alignmentsieve
504.64	1050.4	2	dt3	2	alsieve_triticum_chip	rhel	alignmentsieve
627.29	1138.21	3	dt3	2	alsieve_triticum_chip	rhel	alignmentsieve
789.11	1361.46	4	dt3	2	alsieve_triticum_chip	rhel	alignmentsieve
597.45	1402.39	5	dt3	2	alsieve_triticum_chip	rhel	alignmentsieve
695.6	1167.15	1	dt3	3	alsieve_triticum_chip	rhel	alignmentsieve
872.11	1390.88	2	dt3	3	alsieve_triticum_chip	rhel	alignmentsieve
682.6	1465.66	3	dt3	3	alsieve_triticum_chip	rhel	alignmentsieve
424.59	1179.31	4	dt3	3	alsieve_triticum_chip	rhel	alignmentsieve
374.7	387.65	5	dt3	3	alsieve_triticum_chip	rhel	alignmentsieve
388.68	1046.06	1	dt3	4	alsieve_triticum_chip	rhel	alignmentsieve
256.77	478.05	2	dt3	4	alsieve_triticum_chip	rhel	alignmentsieve
596.7	1464.52	3	dt3	4	alsieve_triticum_chip	rhel	alignmentsieve
297.23	696.11	4	dt3	4	alsieve_triticum_chip	rhel	alignmentsieve
258.07	1465.73	5	dt3	4	alsieve_triticum_chip	rhel	alignmentsieve
213.58	626.87	1	dt3	5	alsieve_triticum_chip	rhel	alignmentsieve
230.12	1466.83	2	dt3	5	alsieve_triticum_chip	rhel	alignmentsieve
288.94	1464.94	3	dt3	5	alsieve_triticum_chip	rhel	alignmentsieve
203.03	1337.98	4	dt3	5	alsieve_triticum_chip	rhel	alignmentsieve
213.84	1016.75	5	dt3	5	alsieve_triticum_chip	rhel	alignmentsieve
396.1	1367.62	1	dt3	6	alsieve_triticum_chip	rhel	alignmentsieve
321.12	1464.8	2	dt3	6	alsieve_triticum_chip	rhel	alignmentsieve
172.63	1468.89	3	dt3	6	alsieve_triticum_chip	rhel	alignmentsieve
196.69	753.2	4	dt3	6	alsieve_triticum_chip	rhel	alignmentsieve
211.03	699.02	5	dt3	6	alsieve_triticum_chip	rhel	alignmentsieve
188.96	805.87	1	dt3	7	alsieve_triticum_chip	rhel	alignmentsieve
201.17	1463.66	2	dt3	7	alsieve_triticum_chip	rhel	alignmentsieve
156.7	817.76	3	dt3	7	alsieve_triticum_chip	rhel	alignmentsieve
148.04	820.84	4	dt3	7	alsieve_triticum_chip	rhel	alignmentsieve
150.33	842.96	5	dt3	7	alsieve_triticum_chip	rhel	alignmentsieve
141.15	1464.89	1	dt3	8	alsieve_triticum_chip	rhel	alignmentsieve
130.2	871.59	2	dt3	8	alsieve_triticum_chip	rhel	alignmentsieve
147.54	1339.52	3	dt3	8	alsieve_triticum_chip	rhel	alignmentsieve
130.11	877.04	4	dt3	8	alsieve_triticum_chip	rhel	alignmentsieve
161.59	938.55	5	dt3	8	alsieve_triticum_chip	rhel	alignmentsieve
166.63	1028.47	1	dt3	9	alsieve_triticum_chip	rhel	alignmentsieve
133.36	1021.58	2	dt3	9	alsieve_triticum_chip	rhel	alignmentsieve
144.94	1317.93	3	dt3	9	alsieve_triticum_chip	rhel	alignmentsieve
124.77	1007.91	4	dt3	9	alsieve_triticum_chip	rhel	alignmentsieve
124.87	947.79	5	dt3	9	alsieve_triticum_chip	rhel	alignmentsieve
367.23	1378.34	1	dt3	10	alsieve_triticum_chip	rhel	alignmentsieve
127.7	1136.12	2	dt3	10	alsieve_triticum_chip	rhel	alignmentsieve
310.6	1371.31	3	dt3	10	alsieve_triticum_chip	rhel	alignmentsieve
121.92	1142.68	4	dt3	10	alsieve_triticum_chip	rhel	alignmentsieve
130.58	1052.88	5	dt3	10	alsieve_triticum_chip	rhel	alignmentsieve
126.76	1251.14	1	dt3	11	alsieve_triticum_chip	rhel	alignmentsieve
120.88	1172.84	2	dt3	11	alsieve_triticum_chip	rhel	alignmentsieve
160.77	1276.8	3	dt3	11	alsieve_triticum_chip	rhel	alignmentsieve
107.67	1463.7	4	dt3	11	alsieve_triticum_chip	rhel	alignmentsieve
124.74	1157.21	5	dt3	11	alsieve_triticum_chip	rhel	alignmentsieve
107.31	1316.92	1	dt3	12	alsieve_triticum_chip	rhel	alignmentsieve
127.9	1334.54	2	dt3	12	alsieve_triticum_chip	rhel	alignmentsieve
103.47	1374.29	3	dt3	12	alsieve_triticum_chip	rhel	alignmentsieve
107.01	1338.62	4	dt3	12	alsieve_triticum_chip	rhel	alignmentsieve
109.96	1460.93	5	dt3	12	alsieve_triticum_chip	rhel	alignmentsieve
112.48	1392.14	1	dt3	13	alsieve_triticum_chip	rhel	alignmentsieve
115.73	1457.9	2	dt3	13	alsieve_triticum_chip	rhel	alignmentsieve
112.51	1464.02	3	dt3	13	alsieve_triticum_chip	rhel	alignmentsieve
176.33	1463.91	4	dt3	13	alsieve_triticum_chip	rhel	alignmentsieve
115.01	1400.59	5	dt3	13	alsieve_triticum_chip	rhel	alignmentsieve
222.53	1603.48	1	dt3	14	alsieve_triticum_chip	rhel	alignmentsieve
161.5	1534.39	2	dt3	14	alsieve_triticum_chip	rhel	alignmentsieve
90.54	1564.54	3	dt3	14	alsieve_triticum_chip	rhel	alignmentsieve
99.06	1551.92	4	dt3	14	alsieve_triticum_chip	rhel	alignmentsieve
90.19	1518.48	5	dt3	14	alsieve_triticum_chip	rhel	alignmentsieve
86.32	1676.17	1	dt3	15	alsieve_triticum_chip	rhel	alignmentsieve
96.62	1600.45	2	dt3	15	alsieve_triticum_chip	rhel	alignmentsieve
97.86	1577.74	3	dt3	15	alsieve_triticum_chip	rhel	alignmentsieve
91.28	1684.07	4	dt3	15	alsieve_triticum_chip	rhel	alignmentsieve
80.27	1630.76	5	dt3	15	alsieve_triticum_chip	rhel	alignmentsieve
95.75	1729.98	1	dt3	16	alsieve_triticum_chip	rhel	alignmentsieve
82.36	1708.39	2	dt3	16	alsieve_triticum_chip	rhel	alignmentsieve
90.42	1747.65	3	dt3	16	alsieve_triticum_chip	rhel	alignmentsieve
99.69	1681.62	4	dt3	16	alsieve_triticum_chip	rhel	alignmentsieve
74.52	1735.02	5	dt3	16	alsieve_triticum_chip	rhel	alignmentsieve
81.05	1881.58	1	dt3	17	alsieve_triticum_chip	rhel	alignmentsieve
73.34	1906.3	2	dt3	17	alsieve_triticum_chip	rhel	alignmentsieve
89.85	1882.57	3	dt3	17	alsieve_triticum_chip	rhel	alignmentsieve
75.33	1887.52	4	dt3	17	alsieve_triticum_chip	rhel	alignmentsieve
89.17	1719.85	5	dt3	17	alsieve_triticum_chip	rhel	alignmentsieve
96.51	1860.02	1	dt3	18	alsieve_triticum_chip	rhel	alignmentsieve
82.06	1913.8	2	dt3	18	alsieve_triticum_chip	rhel	alignmentsieve
98.84	2065.45	3	dt3	18	alsieve_triticum_chip	rhel	alignmentsieve
72.83	1882.86	4	dt3	18	alsieve_triticum_chip	rhel	alignmentsieve
84.94	1972.72	5	dt3	18	alsieve_triticum_chip	rhel	alignmentsieve
133.43	2066.05	1	dt3	19	alsieve_triticum_chip	rhel	alignmentsieve
76.76	2089.8	2	dt3	19	alsieve_triticum_chip	rhel	alignmentsieve
156.82	2002.88	3	dt3	19	alsieve_triticum_chip	rhel	alignmentsieve
80.3	2102.5	4	dt3	19	alsieve_triticum_chip	rhel	alignmentsieve
66.31	2053.51	5	dt3	19	alsieve_triticum_chip	rhel	alignmentsieve
83.27	2230.63	1	dt3	20	alsieve_triticum_chip	rhel	alignmentsieve
90.75	2244.25	2	dt3	20	alsieve_triticum_chip	rhel	alignmentsieve
72.68	2074.32	3	dt3	20	alsieve_triticum_chip	rhel	alignmentsieve
66.52	2095.46	4	dt3	20	alsieve_triticum_chip	rhel	alignmentsieve
63.94	2183.65	5	dt3	20	alsieve_triticum_chip	rhel	alignmentsieve
359.58	70.53	1	dt3	1	alsieve_triticum_rna	rhel	alignmentsieve
359.6	68.05	2	dt3	1	alsieve_triticum_rna	rhel	alignmentsieve
375.35	69.3	3	dt3	1	alsieve_triticum_rna	rhel	alignmentsieve
358.7	410.43	4	dt3	1	alsieve_triticum_rna	rhel	alignmentsieve
375.0	71.8	5	dt3	1	alsieve_triticum_rna	rhel	alignmentsieve
309.08	190.3	1	dt3	2	alsieve_triticum_rna	rhel	alignmentsieve
187.95	184.29	2	dt3	2	alsieve_triticum_rna	rhel	alignmentsieve
205.99	397.13	3	dt3	2	alsieve_triticum_rna	rhel	alignmentsieve
229.91	1111.93	4	dt3	2	alsieve_triticum_rna	rhel	alignmentsieve
195.15	189.65	5	dt3	2	alsieve_triticum_rna	rhel	alignmentsieve
281.89	271.47	1	dt3	3	alsieve_triticum_rna	rhel	alignmentsieve
229.48	1110.61	2	dt3	3	alsieve_triticum_rna	rhel	alignmentsieve
165.27	251.45	3	dt3	3	alsieve_triticum_rna	rhel	alignmentsieve
205.53	1112.45	4	dt3	3	alsieve_triticum_rna	rhel	alignmentsieve
157.65	580.15	5	dt3	3	alsieve_triticum_rna	rhel	alignmentsieve
108.7	1110.82	1	dt3	4	alsieve_triticum_rna	rhel	alignmentsieve
105.21	325.71	2	dt3	4	alsieve_triticum_rna	rhel	alignmentsieve
108.87	1113.06	3	dt3	4	alsieve_triticum_rna	rhel	alignmentsieve
98.59	315.92	4	dt3	4	alsieve_triticum_rna	rhel	alignmentsieve
99.6	346.19	5	dt3	4	alsieve_triticum_rna	rhel	alignmentsieve
103.78	376.44	1	dt3	5	alsieve_triticum_rna	rhel	alignmentsieve
96.68	408.94	2	dt3	5	alsieve_triticum_rna	rhel	alignmentsieve
103.56	371.74	3	dt3	5	alsieve_triticum_rna	rhel	alignmentsieve
75.72	371.37	4	dt3	5	alsieve_triticum_rna	rhel	alignmentsieve
82.21	561.91	5	dt3	5	alsieve_triticum_rna	rhel	alignmentsieve
80.28	982.2	1	dt3	6	alsieve_triticum_rna	rhel	alignmentsieve
67.74	432.61	2	dt3	6	alsieve_triticum_rna	rhel	alignmentsieve
93.56	481.07	3	dt3	6	alsieve_triticum_rna	rhel	alignmentsieve
83.91	726.37	4	dt3	6	alsieve_triticum_rna	rhel	alignmentsieve
80.7	1000.36	5	dt3	6	alsieve_triticum_rna	rhel	alignmentsieve
65.0	501.53	1	dt3	7	alsieve_triticum_rna	rhel	alignmentsieve
77.29	500.75	2	dt3	7	alsieve_triticum_rna	rhel	alignmentsieve
86.85	690.22	3	dt3	7	alsieve_triticum_rna	rhel	alignmentsieve
69.07	502.8	4	dt3	7	alsieve_triticum_rna	rhel	alignmentsieve
102.44	716.54	5	dt3	7	alsieve_triticum_rna	rhel	alignmentsieve
57.96	674.49	1	dt3	8	alsieve_triticum_rna	rhel	alignmentsieve
57.93	653.69	2	dt3	8	alsieve_triticum_rna	rhel	alignmentsieve
69.47	564.37	3	dt3	8	alsieve_triticum_rna	rhel	alignmentsieve
70.09	560.45	4	dt3	8	alsieve_triticum_rna	rhel	alignmentsieve
65.18	566.73	5	dt3	8	alsieve_triticum_rna	rhel	alignmentsieve
56.48	624.5	1	dt3	9	alsieve_triticum_rna	rhel	alignmentsieve
62.02	724.89	2	dt3	9	alsieve_triticum_rna	rhel	alignmentsieve
71.81	617.22	3	dt3	9	alsieve_triticum_rna	rhel	alignmentsieve
62.31	603.61	4	dt3	9	alsieve_triticum_rna	rhel	alignmentsieve
53.19	829.21	5	dt3	9	alsieve_triticum_rna	rhel	alignmentsieve
75.67	679.07	1	dt3	10	alsieve_triticum_rna	rhel	alignmentsieve
56.47	686.14	2	dt3	10	alsieve_triticum_rna	rhel	alignmentsieve
49.89	962.51	3	dt3	10	alsieve_triticum_rna	rhel	alignmentsieve
121.68	1052.51	4	dt3	10	alsieve_triticum_rna	rhel	alignmentsieve
107.75	1110.41	5	dt3	10	alsieve_triticum_rna	rhel	alignmentsieve
81.4	1114.43	1	dt3	11	alsieve_triticum_rna	rhel	alignmentsieve
55.04	827.89	2	dt3	11	alsieve_triticum_rna	rhel	alignmentsieve
72.07	758.02	3	dt3	11	alsieve_triticum_rna	rhel	alignmentsieve
54.87	930.08	4	dt3	11	alsieve_triticum_rna	rhel	alignmentsieve
50.09	956.66	5	dt3	11	alsieve_triticum_rna	rhel	alignmentsieve
64.65	802.57	1	dt3	12	alsieve_triticum_rna	rhel	alignmentsieve
56.49	932.75	2	dt3	12	alsieve_triticum_rna	rhel	alignmentsieve
57.34	906.83	3	dt3	12	alsieve_triticum_rna	rhel	alignmentsieve
47.88	1109.15	4	dt3	12	alsieve_triticum_rna	rhel	alignmentsieve
51.08	1012.3	5	dt3	12	alsieve_triticum_rna	rhel	alignmentsieve
53.77	1209.24	1	dt3	13	alsieve_triticum_rna	rhel	alignmentsieve
42.02	871.4	2	dt3	13	alsieve_triticum_rna	rhel	alignmentsieve
49.58	1111.4	3	dt3	13	alsieve_triticum_rna	rhel	alignmentsieve
60.5	848.1	4	dt3	13	alsieve_triticum_rna	rhel	alignmentsieve
42.89	843.54	5	dt3	13	alsieve_triticum_rna	rhel	alignmentsieve
44.7	933.85	1	dt3	14	alsieve_triticum_rna	rhel	alignmentsieve
40.56	913.08	2	dt3	14	alsieve_triticum_rna	rhel	alignmentsieve
39.24	945.96	3	dt3	14	alsieve_triticum_rna	rhel	alignmentsieve
41.51	1254.82	4	dt3	14	alsieve_triticum_rna	rhel	alignmentsieve
40.68	929.48	5	dt3	14	alsieve_triticum_rna	rhel	alignmentsieve
34.42	996.91	1	dt3	15	alsieve_triticum_rna	rhel	alignmentsieve
38.23	1027.89	2	dt3	15	alsieve_triticum_rna	rhel	alignmentsieve
46.87	977.52	3	dt3	15	alsieve_triticum_rna	rhel	alignmentsieve
41.81	990.09	4	dt3	15	alsieve_triticum_rna	rhel	alignmentsieve
35.35	981.55	5	dt3	15	alsieve_triticum_rna	rhel	alignmentsieve
37.16	1039.91	1	dt3	16	alsieve_triticum_rna	rhel	alignmentsieve
52.58	1130.8	2	dt3	16	alsieve_triticum_rna	rhel	alignmentsieve
36.55	1049.01	3	dt3	16	alsieve_triticum_rna	rhel	alignmentsieve
32.92	1043.58	4	dt3	16	alsieve_triticum_rna	rhel	alignmentsieve
36.49	1056.0	5	dt3	16	alsieve_triticum_rna	rhel	alignmentsieve
37.06	1256.97	1	dt3	17	alsieve_triticum_rna	rhel	alignmentsieve
32.93	1102.48	2	dt3	17	alsieve_triticum_rna	rhel	alignmentsieve
32.45	1118.25	3	dt3	17	alsieve_triticum_rna	rhel	alignmentsieve
30.65	1276.04	4	dt3	17	alsieve_triticum_rna	rhel	alignmentsieve
36.01	1116.64	5	dt3	17	alsieve_triticum_rna	rhel	alignmentsieve
86.95	1177.27	1	dt3	18	alsieve_triticum_rna	rhel	alignmentsieve
38.57	1174.88	2	dt3	18	alsieve_triticum_rna	rhel	alignmentsieve
83.97	1159.46	3	dt3	18	alsieve_triticum_rna	rhel	alignmentsieve
28.85	1171.86	4	dt3	18	alsieve_triticum_rna	rhel	alignmentsieve
27.32	1166.66	5	dt3	18	alsieve_triticum_rna	rhel	alignmentsieve
35.87	1441.64	1	dt3	19	alsieve_triticum_rna	rhel	alignmentsieve
35.96	1234.93	2	dt3	19	alsieve_triticum_rna	rhel	alignmentsieve
32.57	1236.99	3	dt3	19	alsieve_triticum_rna	rhel	alignmentsieve
70.05	1272.15	4	dt3	19	alsieve_triticum_rna	rhel	alignmentsieve
30.24	1228.45	5	dt3	19	alsieve_triticum_rna	rhel	alignmentsieve
33.34	1312.63	1	dt3	20	alsieve_triticum_rna	rhel	alignmentsieve
56.18	1340.09	2	dt3	20	alsieve_triticum_rna	rhel	alignmentsieve
57.44	1523.48	3	dt3	20	alsieve_triticum_rna	rhel	alignmentsieve
26.4	1313.25	4	dt3	20	alsieve_triticum_rna	rhel	alignmentsieve
26.32	1313.96	5	dt3	20	alsieve_triticum_rna	rhel	alignmentsieve
7663.24	2672.2	1	dt3	1	alsieve_triticum_wgs	rhel	alignmentsieve
7663.27	2686.55	2	dt3	1	alsieve_triticum_wgs	rhel	alignmentsieve
7609.43	2682.61	3	dt3	1	alsieve_triticum_wgs	rhel	alignmentsieve
7610.99	2688.17	4	dt3	1	alsieve_triticum_wgs	rhel	alignmentsieve
7643.33	2684.5	5	dt3	1	alsieve_triticum_wgs	rhel	alignmentsieve
4756.14	2628.92	1	dt3	2	alsieve_triticum_wgs	rhel	alignmentsieve
4600.84	2628.18	2	dt3	2	alsieve_triticum_wgs	rhel	alignmentsieve
5572.46	2628.76	3	dt3	2	alsieve_triticum_wgs	rhel	alignmentsieve
4253.31	2627.79	4	dt3	2	alsieve_triticum_wgs	rhel	alignmentsieve
4540.91	2628.33	5	dt3	2	alsieve_triticum_wgs	rhel	alignmentsieve
4283.2	2628.5	1	dt3	3	alsieve_triticum_wgs	rhel	alignmentsieve
4617.24	2627.24	2	dt3	3	alsieve_triticum_wgs	rhel	alignmentsieve
5110.97	2626.07	3	dt3	3	alsieve_triticum_wgs	rhel	alignmentsieve
3066.84	2628.56	4	dt3	3	alsieve_triticum_wgs	rhel	alignmentsieve
3196.52	2626.93	5	dt3	3	alsieve_triticum_wgs	rhel	alignmentsieve
4464.68	2624.3	1	dt3	4	alsieve_triticum_wgs	rhel	alignmentsieve
4724.64	2623.27	2	dt3	4	alsieve_triticum_wgs	rhel	alignmentsieve
4892.83	2627.09	3	dt3	4	alsieve_triticum_wgs	rhel	alignmentsieve
2375.59	2629.0	4	dt3	4	alsieve_triticum_wgs	rhel	alignmentsieve
2647.03	2627.42	5	dt3	4	alsieve_triticum_wgs	rhel	alignmentsieve
1977.49	2621.52	1	dt3	5	alsieve_triticum_wgs	rhel	alignmentsieve
2251.0	2626.99	2	dt3	5	alsieve_triticum_wgs	rhel	alignmentsieve
1966.43	2625.13	3	dt3	5	alsieve_triticum_wgs	rhel	alignmentsieve
1843.73	2626.97	4	dt3	5	alsieve_triticum_wgs	rhel	alignmentsieve
2105.22	2624.59	5	dt3	5	alsieve_triticum_wgs	rhel	alignmentsieve
1868.26	2620.48	1	dt3	6	alsieve_triticum_wgs	rhel	alignmentsieve
1663.68	2623.89	2	dt3	6	alsieve_triticum_wgs	rhel	alignmentsieve
1786.75	2627.85	3	dt3	6	alsieve_triticum_wgs	rhel	alignmentsieve
2062.6	2623.38	4	dt3	6	alsieve_triticum_wgs	rhel	alignmentsieve
1990.38	2626.71	5	dt3	6	alsieve_triticum_wgs	rhel	alignmentsieve
1718.86	2627.22	1	dt3	7	alsieve_triticum_wgs	rhel	alignmentsieve
1749.92	2625.24	2	dt3	7	alsieve_triticum_wgs	rhel	alignmentsieve
1980.19	3027.09	3	dt3	7	alsieve_triticum_wgs	rhel	alignmentsieve
1751.74	2623.7	4	dt3	7	alsieve_triticum_wgs	rhel	alignmentsieve
1576.39	2627.2	5	dt3	7	alsieve_triticum_wgs	rhel	alignmentsieve
1400.47	2627.29	1	dt3	8	alsieve_triticum_wgs	rhel	alignmentsieve
1490.97	2626.15	2	dt3	8	alsieve_triticum_wgs	rhel	alignmentsieve
1695.8	2628.2	3	dt3	8	alsieve_triticum_wgs	rhel	alignmentsieve
1556.41	2624.15	4	dt3	8	alsieve_triticum_wgs	rhel	alignmentsieve
1659.64	2623.35	5	dt3	8	alsieve_triticum_wgs	rhel	alignmentsieve
1769.14	2625.2	1	dt3	9	alsieve_triticum_wgs	rhel	alignmentsieve
1585.63	2624.94	2	dt3	9	alsieve_triticum_wgs	rhel	alignmentsieve
1654.83	2625.26	3	dt3	9	alsieve_triticum_wgs	rhel	alignmentsieve
1504.67	2627.23	4	dt3	9	alsieve_triticum_wgs	rhel	alignmentsieve
1508.16	2627.66	5	dt3	9	alsieve_triticum_wgs	rhel	alignmentsieve
1468.68	2717.88	1	dt3	10	alsieve_triticum_wgs	rhel	alignmentsieve
1519.29	2625.03	2	dt3	10	alsieve_triticum_wgs	rhel	alignmentsieve
1559.95	2625.84	3	dt3	10	alsieve_triticum_wgs	rhel	alignmentsieve
1227.54	2625.93	4	dt3	10	alsieve_triticum_wgs	rhel	alignmentsieve
1322.31	2624.54	5	dt3	10	alsieve_triticum_wgs	rhel	alignmentsieve
1583.32	2625.08	1	dt3	11	alsieve_triticum_wgs	rhel	alignmentsieve
1591.28	2625.31	2	dt3	11	alsieve_triticum_wgs	rhel	alignmentsieve
1511.34	2914.72	3	dt3	11	alsieve_triticum_wgs	rhel	alignmentsieve
1299.97	2625.28	4	dt3	11	alsieve_triticum_wgs	rhel	alignmentsieve
1292.53	2624.23	5	dt3	11	alsieve_triticum_wgs	rhel	alignmentsieve
1375.07	2626.85	1	dt3	12	alsieve_triticum_wgs	rhel	alignmentsieve
1465.86	2626.69	2	dt3	12	alsieve_triticum_wgs	rhel	alignmentsieve
1427.53	2624.52	3	dt3	12	alsieve_triticum_wgs	rhel	alignmentsieve
1203.77	2623.55	4	dt3	12	alsieve_triticum_wgs	rhel	alignmentsieve
1196.2	2628.2	5	dt3	12	alsieve_triticum_wgs	rhel	alignmentsieve
1411.88	2620.45	1	dt3	13	alsieve_triticum_wgs	rhel	alignmentsieve
1341.15	2622.73	2	dt3	13	alsieve_triticum_wgs	rhel	alignmentsieve
1381.72	2624.61	3	dt3	13	alsieve_triticum_wgs	rhel	alignmentsieve
1071.55	2625.28	4	dt3	13	alsieve_triticum_wgs	rhel	alignmentsieve
1132.19	2628.42	5	dt3	13	alsieve_triticum_wgs	rhel	alignmentsieve
1309.99	2619.27	1	dt3	14	alsieve_triticum_wgs	rhel	alignmentsieve
1336.89	2623.34	2	dt3	14	alsieve_triticum_wgs	rhel	alignmentsieve
1284.61	3211.67	3	dt3	14	alsieve_triticum_wgs	rhel	alignmentsieve
1076.36	2630.32	4	dt3	14	alsieve_triticum_wgs	rhel	alignmentsieve
1114.25	2623.95	5	dt3	14	alsieve_triticum_wgs	rhel	alignmentsieve
1320.15	2625.86	1	dt3	15	alsieve_triticum_wgs	rhel	alignmentsieve
1286.25	2764.68	2	dt3	15	alsieve_triticum_wgs	rhel	alignmentsieve
1301.5	2866.72	3	dt3	15	alsieve_triticum_wgs	rhel	alignmentsieve
1069.71	2662.99	4	dt3	15	alsieve_triticum_wgs	rhel	alignmentsieve
1152.85	2736.0	5	dt3	15	alsieve_triticum_wgs	rhel	alignmentsieve
1168.41	2824.23	1	dt3	16	alsieve_triticum_wgs	rhel	alignmentsieve
1234.61	2824.63	2	dt3	16	alsieve_triticum_wgs	rhel	alignmentsieve
1185.42	2802.63	3	dt3	16	alsieve_triticum_wgs	rhel	alignmentsieve
839.72	2855.21	4	dt3	16	alsieve_triticum_wgs	rhel	alignmentsieve
1109.53	2873.06	5	dt3	16	alsieve_triticum_wgs	rhel	alignmentsieve
1145.18	3048.65	1	dt3	17	alsieve_triticum_wgs	rhel	alignmentsieve
1207.21	2922.45	2	dt3	17	alsieve_triticum_wgs	rhel	alignmentsieve
1250.92	2995.01	3	dt3	17	alsieve_triticum_wgs	rhel	alignmentsieve
897.18	3111.21	4	dt3	17	alsieve_triticum_wgs	rhel	alignmentsieve
760.33	3055.8	5	dt3	17	alsieve_triticum_wgs	rhel	alignmentsieve
1169.34	3202.79	1	dt3	18	alsieve_triticum_wgs	rhel	alignmentsieve
1141.54	3250.73	2	dt3	18	alsieve_triticum_wgs	rhel	alignmentsieve
1265.18	3136.87	3	dt3	18	alsieve_triticum_wgs	rhel	alignmentsieve
979.65	3158.59	4	dt3	18	alsieve_triticum_wgs	rhel	alignmentsieve
867.23	3138.57	5	dt3	18	alsieve_triticum_wgs	rhel	alignmentsieve
1125.36	3384.26	1	dt3	19	alsieve_triticum_wgs	rhel	alignmentsieve
1163.07	3392.9	2	dt3	19	alsieve_triticum_wgs	rhel	alignmentsieve
1147.84	3328.6	3	dt3	19	alsieve_triticum_wgs	rhel	alignmentsieve
862.35	3355.36	4	dt3	19	alsieve_triticum_wgs	rhel	alignmentsieve
903.1	3324.07	5	dt3	19	alsieve_triticum_wgs	rhel	alignmentsieve
1143.72	3507.72	1	dt3	20	alsieve_triticum_wgs	rhel	alignmentsieve
1139.56	3579.99	2	dt3	20	alsieve_triticum_wgs	rhel	alignmentsieve
1141.14	3491.66	3	dt3	20	alsieve_triticum_wgs	rhel	alignmentsieve
856.94	3575.97	4	dt3	20	alsieve_triticum_wgs	rhel	alignmentsieve
862.77	3545.47	5	dt3	20	alsieve_triticum_wgs	rhel	alignmentsieve
73.86	217.55	1	dt4	1	bcov_human_chip	rhel	bamcoverage
75.96	250.03	2	dt4	1	bcov_human_chip	rhel	bamcoverage
75.75	232.14	3	dt4	1	bcov_human_chip	rhel	bamcoverage
75.89	251.62	4	dt4	1	bcov_human_chip	rhel	bamcoverage
74.71	294.85	5	dt4	1	bcov_human_chip	rhel	bamcoverage
62.41	322.7	1	dt4	2	bcov_human_chip	rhel	bamcoverage
64.55	350.4	2	dt4	2	bcov_human_chip	rhel	bamcoverage
42.35	260.36	3	dt4	2	bcov_human_chip	rhel	bamcoverage
53.66	224.29	4	dt4	2	bcov_human_chip	rhel	bamcoverage
42.46	274.2	5	dt4	2	bcov_human_chip	rhel	bamcoverage
36.46	365.65	1	dt4	3	bcov_human_chip	rhel	bamcoverage
61.78	430.87	2	dt4	3	bcov_human_chip	rhel	bamcoverage
36.31	407.56	3	dt4	3	bcov_human_chip	rhel	bamcoverage
31.92	409.75	4	dt4	3	bcov_human_chip	rhel	bamcoverage
38.06	404.33	5	dt4	3	bcov_human_chip	rhel	bamcoverage
42.3	427.71	1	dt4	4	bcov_human_chip	rhel	bamcoverage
30.64	504.67	2	dt4	4	bcov_human_chip	rhel	bamcoverage
55.04	509.78	3	dt4	4	bcov_human_chip	rhel	bamcoverage
34.5	499.65	4	dt4	4	bcov_human_chip	rhel	bamcoverage
29.02	580.2	5	dt4	4	bcov_human_chip	rhel	bamcoverage
25.25	580.27	1	dt4	5	bcov_human_chip	rhel	bamcoverage
27.57	496.78	2	dt4	5	bcov_human_chip	rhel	bamcoverage
25.86	562.26	3	dt4	5	bcov_human_chip	rhel	bamcoverage
26.16	534.83	4	dt4	5	bcov_human_chip	rhel	bamcoverage
26.59	545.13	5	dt4	5	bcov_human_chip	rhel	bamcoverage
35.61	629.57	1	dt4	6	bcov_human_chip	rhel	bamcoverage
26.1	654.52	2	dt4	6	bcov_human_chip	rhel	bamcoverage
28.66	604.78	3	dt4	6	bcov_human_chip	rhel	bamcoverage
29.76	619.55	4	dt4	6	bcov_human_chip	rhel	bamcoverage
27.04	675.44	5	dt4	6	bcov_human_chip	rhel	bamcoverage
25.38	652.3	1	dt4	7	bcov_human_chip	rhel	bamcoverage
27.19	611.74	2	dt4	7	bcov_human_chip	rhel	bamcoverage
26.22	713.49	3	dt4	7	bcov_human_chip	rhel	bamcoverage
25.77	650.79	4	dt4	7	bcov_human_chip	rhel	bamcoverage
29.82	667.01	5	dt4	7	bcov_human_chip	rhel	bamcoverage
23.55	710.06	1	dt4	8	bcov_human_chip	rhel	bamcoverage
25.1	709.3	2	dt4	8	bcov_human_chip	rhel	bamcoverage
23.55	723.28	3	dt4	8	bcov_human_chip	rhel	bamcoverage
25.64	661.48	4	dt4	8	bcov_human_chip	rhel	bamcoverage
23.22	673.12	5	dt4	8	bcov_human_chip	rhel	bamcoverage
23.32	729.29	1	dt4	9	bcov_human_chip	rhel	bamcoverage
22.52	878.76	2	dt4	9	bcov_human_chip	rhel	bamcoverage
23.88	709.07	3	dt4	9	bcov_human_chip	rhel	bamcoverage
23.07	701.57	4	dt4	9	bcov_human_chip	rhel	bamcoverage
22.31	743.84	5	dt4	9	bcov_human_chip	rhel	bamcoverage
22.93	757.98	1	dt4	10	bcov_human_chip	rhel	bamcoverage
22.73	761.41	2	dt4	10	bcov_human_chip	rhel	bamcoverage
24.76	737.35	3	dt4	10	bcov_human_chip	rhel	bamcoverage
20.96	663.54	4	dt4	10	bcov_human_chip	rhel	bamcoverage
22.5	721.82	5	dt4	10	bcov_human_chip	rhel	bamcoverage
24.28	759.3	1	dt4	11	bcov_human_chip	rhel	bamcoverage
23.75	777.82	2	dt4	11	bcov_human_chip	rhel	bamcoverage
23.98	858.95	3	dt4	11	bcov_human_chip	rhel	bamcoverage
20.95	924.13	4	dt4	11	bcov_human_chip	rhel	bamcoverage
21.36	729.3	5	dt4	11	bcov_human_chip	rhel	bamcoverage
24.46	838.14	1	dt4	12	bcov_human_chip	rhel	bamcoverage
25.23	842.25	2	dt4	12	bcov_human_chip	rhel	bamcoverage
23.82	755.07	3	dt4	12	bcov_human_chip	rhel	bamcoverage
21.98	811.29	4	dt4	12	bcov_human_chip	rhel	bamcoverage
22.02	872.61	5	dt4	12	bcov_human_chip	rhel	bamcoverage
22.72	928.7	1	dt4	13	bcov_human_chip	rhel	bamcoverage
21.21	818.91	2	dt4	13	bcov_human_chip	rhel	bamcoverage
25.14	873.88	3	dt4	13	bcov_human_chip	rhel	bamcoverage
20.75	1015.69	4	dt4	13	bcov_human_chip	rhel	bamcoverage
20.37	774.57	5	dt4	13	bcov_human_chip	rhel	bamcoverage
20.9	787.3	1	dt4	14	bcov_human_chip	rhel	bamcoverage
21.37	894.99	2	dt4	14	bcov_human_chip	rhel	bamcoverage
23.21	807.53	3	dt4	14	bcov_human_chip	rhel	bamcoverage
23.65	760.98	4	dt4	14	bcov_human_chip	rhel	bamcoverage
21.15	1061.55	5	dt4	14	bcov_human_chip	rhel	bamcoverage
21.54	980.4	1	dt4	15	bcov_human_chip	rhel	bamcoverage
21.3	847.93	2	dt4	15	bcov_human_chip	rhel	bamcoverage
21.05	961.07	3	dt4	15	bcov_human_chip	rhel	bamcoverage
21.87	814.69	4	dt4	15	bcov_human_chip	rhel	bamcoverage
20.9	816.06	5	dt4	15	bcov_human_chip	rhel	bamcoverage
19.8	1017.93	1	dt4	16	bcov_human_chip	rhel	bamcoverage
21.96	832.8	2	dt4	16	bcov_human_chip	rhel	bamcoverage
19.22	933.65	3	dt4	16	bcov_human_chip	rhel	bamcoverage
19.24	917.33	4	dt4	16	bcov_human_chip	rhel	bamcoverage
19.07	974.09	5	dt4	16	bcov_human_chip	rhel	bamcoverage
19.67	900.04	1	dt4	17	bcov_human_chip	rhel	bamcoverage
19.83	905.72	2	dt4	17	bcov_human_chip	rhel	bamcoverage
22.78	983.14	3	dt4	17	bcov_human_chip	rhel	bamcoverage
19.55	917.27	4	dt4	17	bcov_human_chip	rhel	bamcoverage
20.94	971.93	5	dt4	17	bcov_human_chip	rhel	bamcoverage
20.59	1000.01	1	dt4	18	bcov_human_chip	rhel	bamcoverage
21.94	956.07	2	dt4	18	bcov_human_chip	rhel	bamcoverage
19.78	955.59	3	dt4	18	bcov_human_chip	rhel	bamcoverage
19.1	1044.85	4	dt4	18	bcov_human_chip	rhel	bamcoverage
20.49	932.73	5	dt4	18	bcov_human_chip	rhel	bamcoverage
20.87	879.57	1	dt4	19	bcov_human_chip	rhel	bamcoverage
21.94	978.92	2	dt4	19	bcov_human_chip	rhel	bamcoverage
19.23	954.91	3	dt4	19	bcov_human_chip	rhel	bamcoverage
19.8	991.92	4	dt4	19	bcov_human_chip	rhel	bamcoverage
20.0	896.32	5	dt4	19	bcov_human_chip	rhel	bamcoverage
20.36	910.53	1	dt4	20	bcov_human_chip	rhel	bamcoverage
19.31	968.62	2	dt4	20	bcov_human_chip	rhel	bamcoverage
18.57	910.15	3	dt4	20	bcov_human_chip	rhel	bamcoverage
19.7	994.7	4	dt4	20	bcov_human_chip	rhel	bamcoverage
18.43	1021.27	5	dt4	20	bcov_human_chip	rhel	bamcoverage
196.6	1397.09	1	dt4	1	bcov_human_rna	rhel	bamcoverage
197.66	1392.66	2	dt4	1	bcov_human_rna	rhel	bamcoverage
199.48	1383.09	3	dt4	1	bcov_human_rna	rhel	bamcoverage
203.15	1353.82	4	dt4	1	bcov_human_rna	rhel	bamcoverage
197.72	1389.2	5	dt4	1	bcov_human_rna	rhel	bamcoverage
128.82	1571.97	1	dt4	2	bcov_human_rna	rhel	bamcoverage
157.71	1502.13	2	dt4	2	bcov_human_rna	rhel	bamcoverage
110.81	1322.63	3	dt4	2	bcov_human_rna	rhel	bamcoverage
114.35	1746.78	4	dt4	2	bcov_human_rna	rhel	bamcoverage
147.85	1627.98	5	dt4	2	bcov_human_rna	rhel	bamcoverage
90.0	1665.73	1	dt4	3	bcov_human_rna	rhel	bamcoverage
119.41	1647.36	2	dt4	3	bcov_human_rna	rhel	bamcoverage
90.56	1624.49	3	dt4	3	bcov_human_rna	rhel	bamcoverage
101.99	1495.09	4	dt4	3	bcov_human_rna	rhel	bamcoverage
79.27	1158.1	5	dt4	3	bcov_human_rna	rhel	bamcoverage
76.76	1380.86	1	dt4	4	bcov_human_rna	rhel	bamcoverage
83.73	1381.06	2	dt4	4	bcov_human_rna	rhel	bamcoverage
76.31	1543.3	3	dt4	4	bcov_human_rna	rhel	bamcoverage
78.05	1484.25	4	dt4	4	bcov_human_rna	rhel	bamcoverage
77.23	1368.3	5	dt4	4	bcov_human_rna	rhel	bamcoverage
70.25	1557.02	1	dt4	5	bcov_human_rna	rhel	bamcoverage
79.13	1604.71	2	dt4	5	bcov_human_rna	rhel	bamcoverage
78.32	1622.68	3	dt4	5	bcov_human_rna	rhel	bamcoverage
76.24	1646.66	4	dt4	5	bcov_human_rna	rhel	bamcoverage
76.96	1571.71	5	dt4	5	bcov_human_rna	rhel	bamcoverage
76.02	1617.35	1	dt4	6	bcov_human_rna	rhel	bamcoverage
81.8	1608.88	2	dt4	6	bcov_human_rna	rhel	bamcoverage
68.27	1741.56	3	dt4	6	bcov_human_rna	rhel	bamcoverage
68.18	1710.69	4	dt4	6	bcov_human_rna	rhel	bamcoverage
69.06	1661.89	5	dt4	6	bcov_human_rna	rhel	bamcoverage
79.2	1642.07	1	dt4	7	bcov_human_rna	rhel	bamcoverage
68.12	1794.59	2	dt4	7	bcov_human_rna	rhel	bamcoverage
79.49	1691.7	3	dt4	7	bcov_human_rna	rhel	bamcoverage
76.42	1710.78	4	dt4	7	bcov_human_rna	rhel	bamcoverage
85.01	1846.4	5	dt4	7	bcov_human_rna	rhel	bamcoverage
71.32	1859.13	1	dt4	8	bcov_human_rna	rhel	bamcoverage
68.93	1874.8	2	dt4	8	bcov_human_rna	rhel	bamcoverage
73.97	1799.79	3	dt4	8	bcov_human_rna	rhel	bamcoverage
68.62	1797.6	4	dt4	8	bcov_human_rna	rhel	bamcoverage
76.42	1688.25	5	dt4	8	bcov_human_rna	rhel	bamcoverage
77.48	1832.66	1	dt4	9	bcov_human_rna	rhel	bamcoverage
76.0	1819.86	2	dt4	9	bcov_human_rna	rhel	bamcoverage
72.81	1879.44	3	dt4	9	bcov_human_rna	rhel	bamcoverage
76.96	1820.81	4	dt4	9	bcov_human_rna	rhel	bamcoverage
71.34	1869.25	5	dt4	9	bcov_human_rna	rhel	bamcoverage
71.64	1957.99	1	dt4	10	bcov_human_rna	rhel	bamcoverage
68.45	1914.22	2	dt4	10	bcov_human_rna	rhel	bamcoverage
69.33	1930.97	3	dt4	10	bcov_human_rna	rhel	bamcoverage
68.7	1885.52	4	dt4	10	bcov_human_rna	rhel	bamcoverage
69.88	1893.71	5	dt4	10	bcov_human_rna	rhel	bamcoverage
78.74	1882.68	1	dt4	11	bcov_human_rna	rhel	bamcoverage
72.92	1887.47	2	dt4	11	bcov_human_rna	rhel	bamcoverage
70.33	1969.01	3	dt4	11	bcov_human_rna	rhel	bamcoverage
69.13	1991.31	4	dt4	11	bcov_human_rna	rhel	bamcoverage
69.32	1931.52	5	dt4	11	bcov_human_rna	rhel	bamcoverage
69.64	1994.08	1	dt4	12	bcov_human_rna	rhel	bamcoverage
74.36	1868.19	2	dt4	12	bcov_human_rna	rhel	bamcoverage
68.65	2049.1	3	dt4	12	bcov_human_rna	rhel	bamcoverage
70.04	1997.47	4	dt4	12	bcov_human_rna	rhel	bamcoverage
68.14	2082.88	5	dt4	12	bcov_human_rna	rhel	bamcoverage
76.15	1970.24	1	dt4	13	bcov_human_rna	rhel	bamcoverage
73.29	2062.56	2	dt4	13	bcov_human_rna	rhel	bamcoverage
68.73	1933.58	3	dt4	13	bcov_human_rna	rhel	bamcoverage
76.95	2008.14	4	dt4	13	bcov_human_rna	rhel	bamcoverage
69.05	2036.93	5	dt4	13	bcov_human_rna	rhel	bamcoverage
72.87	1953.04	1	dt4	14	bcov_human_rna	rhel	bamcoverage
70.43	2134.71	2	dt4	14	bcov_human_rna	rhel	bamcoverage
71.28	1994.45	3	dt4	14	bcov_human_rna	rhel	bamcoverage
70.04	2097.66	4	dt4	14	bcov_human_rna	rhel	bamcoverage
70.14	2079.69	5	dt4	14	bcov_human_rna	rhel	bamcoverage
75.08	2086.91	1	dt4	15	bcov_human_rna	rhel	bamcoverage
69.01	2157.01	2	dt4	15	bcov_human_rna	rhel	bamcoverage
67.68	2144.15	3	dt4	15	bcov_human_rna	rhel	bamcoverage
74.91	2109.92	4	dt4	15	bcov_human_rna	rhel	bamcoverage
68.71	2099.61	5	dt4	15	bcov_human_rna	rhel	bamcoverage
69.08	2148.09	1	dt4	16	bcov_human_rna	rhel	bamcoverage
78.35	2162.5	2	dt4	16	bcov_human_rna	rhel	bamcoverage
69.97	2146.47	3	dt4	16	bcov_human_rna	rhel	bamcoverage
68.69	2181.02	4	dt4	16	bcov_human_rna	rhel	bamcoverage
68.01	2168.67	5	dt4	16	bcov_human_rna	rhel	bamcoverage
71.08	2192.36	1	dt4	17	bcov_human_rna	rhel	bamcoverage
72.54	2244.62	2	dt4	17	bcov_human_rna	rhel	bamcoverage
69.39	2153.33	3	dt4	17	bcov_human_rna	rhel	bamcoverage
68.54	2200.08	4	dt4	17	bcov_human_rna	rhel	bamcoverage
71.04	2171.98	5	dt4	17	bcov_human_rna	rhel	bamcoverage
70.03	2226.31	1	dt4	18	bcov_human_rna	rhel	bamcoverage
71.04	2270.52	2	dt4	18	bcov_human_rna	rhel	bamcoverage
67.63	2261.71	3	dt4	18	bcov_human_rna	rhel	bamcoverage
68.48	2295.94	4	dt4	18	bcov_human_rna	rhel	bamcoverage
70.26	2252.37	5	dt4	18	bcov_human_rna	rhel	bamcoverage
70.23	2272.76	1	dt4	19	bcov_human_rna	rhel	bamcoverage
67.78	2326.5	2	dt4	19	bcov_human_rna	rhel	bamcoverage
68.53	2252.87	3	dt4	19	bcov_human_rna	rhel	bamcoverage
69.24	2234.73	4	dt4	19	bcov_human_rna	rhel	bamcoverage
69.03	2296.3	5	dt4	19	bcov_human_rna	rhel	bamcoverage
68.26	2327.76	1	dt4	20	bcov_human_rna	rhel	bamcoverage
68.49	2263.81	2	dt4	20	bcov_human_rna	rhel	bamcoverage
67.81	2359.07	3	dt4	20	bcov_human_rna	rhel	bamcoverage
67.69	2323.63	4	dt4	20	bcov_human_rna	rhel	bamcoverage
68.77	2286.6	5	dt4	20	bcov_human_rna	rhel	bamcoverage
841.01	5440.46	1	dt4	1	bcov_human_wgs	rhel	bamcoverage
842.89	5430.47	2	dt4	1	bcov_human_wgs	rhel	bamcoverage
846.03	5395.52	3	dt4	1	bcov_human_wgs	rhel	bamcoverage
844.6	5411.52	4	dt4	1	bcov_human_wgs	rhel	bamcoverage
845.65	5407.12	5	dt4	1	bcov_human_wgs	rhel	bamcoverage
567.44	5556.67	1	dt4	2	bcov_human_wgs	rhel	bamcoverage
487.9	5427.33	2	dt4	2	bcov_human_wgs	rhel	bamcoverage
461.53	5438.81	3	dt4	2	bcov_human_wgs	rhel	bamcoverage
488.1	5554.92	4	dt4	2	bcov_human_wgs	rhel	bamcoverage
694.01	5613.79	5	dt4	2	bcov_human_wgs	rhel	bamcoverage
478.08	5415.64	1	dt4	3	bcov_human_wgs	rhel	bamcoverage
379.97	5356.02	2	dt4	3	bcov_human_wgs	rhel	bamcoverage
344.28	5679.48	3	dt4	3	bcov_human_wgs	rhel	bamcoverage
345.89	5609.21	4	dt4	3	bcov_human_wgs	rhel	bamcoverage
453.47	5519.55	5	dt4	3	bcov_human_wgs	rhel	bamcoverage
360.66	5744.35	1	dt4	4	bcov_human_wgs	rhel	bamcoverage
261.03	5764.27	2	dt4	4	bcov_human_wgs	rhel	bamcoverage
288.14	5642.9	3	dt4	4	bcov_human_wgs	rhel	bamcoverage
310.17	5605.73	4	dt4	4	bcov_human_wgs	rhel	bamcoverage
264.93	5822.18	5	dt4	4	bcov_human_wgs	rhel	bamcoverage
229.3	6341.96	1	dt4	5	bcov_human_wgs	rhel	bamcoverage
255.88	5503.63	2	dt4	5	bcov_human_wgs	rhel	bamcoverage
245.4	5785.5	3	dt4	5	bcov_human_wgs	rhel	bamcoverage
262.74	5491.73	4	dt4	5	bcov_human_wgs	rhel	bamcoverage
253.74	5595.26	5	dt4	5	bcov_human_wgs	rhel	bamcoverage
286.41	5793.72	1	dt4	6	bcov_human_wgs	rhel	bamcoverage
265.53	5867.98	2	dt4	6	bcov_human_wgs	rhel	bamcoverage
236.97	6034.05	3	dt4	6	bcov_human_wgs	rhel	bamcoverage
245.9	5714.45	4	dt4	6	bcov_human_wgs	rhel	bamcoverage
285.29	5674.35	5	dt4	6	bcov_human_wgs	rhel	bamcoverage
244.67	5910.28	1	dt4	7	bcov_human_wgs	rhel	bamcoverage
273.83	5835.19	2	dt4	7	bcov_human_wgs	rhel	bamcoverage
227.23	5949.36	3	dt4	7	bcov_human_wgs	rhel	bamcoverage
226.78	5721.98	4	dt4	7	bcov_human_wgs	rhel	bamcoverage
246.22	5815.07	5	dt4	7	bcov_human_wgs	rhel	bamcoverage
172.96	5994.18	1	dt4	8	bcov_human_wgs	rhel	bamcoverage
194.34	5946.83	2	dt4	8	bcov_human_wgs	rhel	bamcoverage
181.44	5899.38	3	dt4	8	bcov_human_wgs	rhel	bamcoverage
223.12	5881.52	4	dt4	8	bcov_human_wgs	rhel	bamcoverage
203.39	5948.99	5	dt4	8	bcov_human_wgs	rhel	bamcoverage
171.21	6108.2	1	dt4	9	bcov_human_wgs	rhel	bamcoverage
184.78	6029.89	2	dt4	9	bcov_human_wgs	rhel	bamcoverage
205.42	6079.95	3	dt4	9	bcov_human_wgs	rhel	bamcoverage
166.9	5805.45	4	dt4	9	bcov_human_wgs	rhel	bamcoverage
207.66	5794.82	5	dt4	9	bcov_human_wgs	rhel	bamcoverage
156.5	5913.34	1	dt4	10	bcov_human_wgs	rhel	bamcoverage
179.82	5891.74	2	dt4	10	bcov_human_wgs	rhel	bamcoverage
200.41	6003.62	3	dt4	10	bcov_human_wgs	rhel	bamcoverage
188.6	5938.36	4	dt4	10	bcov_human_wgs	rhel	bamcoverage
159.05	5911.48	5	dt4	10	bcov_human_wgs	rhel	bamcoverage
184.79	6056.32	1	dt4	11	bcov_human_wgs	rhel	bamcoverage
175.8	6149.95	2	dt4	11	bcov_human_wgs	rhel	bamcoverage
178.11	6101.81	3	dt4	11	bcov_human_wgs	rhel	bamcoverage
176.89	5722.86	4	dt4	11	bcov_human_wgs	rhel	bamcoverage
164.41	5914.89	5	dt4	11	bcov_human_wgs	rhel	bamcoverage
172.63	6108.75	1	dt4	12	bcov_human_wgs	rhel	bamcoverage
179.78	6154.21	2	dt4	12	bcov_human_wgs	rhel	bamcoverage
189.18	6119.22	3	dt4	12	bcov_human_wgs	rhel	bamcoverage
154.52	6263.5	4	dt4	12	bcov_human_wgs	rhel	bamcoverage
169.97	6075.84	5	dt4	12	bcov_human_wgs	rhel	bamcoverage
213.72	5992.83	1	dt4	13	bcov_human_wgs	rhel	bamcoverage
161.97	5998.52	2	dt4	13	bcov_human_wgs	rhel	bamcoverage
184.85	5719.13	3	dt4	13	bcov_human_wgs	rhel	bamcoverage
156.28	6087.67	4	dt4	13	bcov_human_wgs	rhel	bamcoverage
158.33	6034.44	5	dt4	13	bcov_human_wgs	rhel	bamcoverage
164.36	6466.3	1	dt4	14	bcov_human_wgs	rhel	bamcoverage
159.8	6223.84	2	dt4	14	bcov_human_wgs	rhel	bamcoverage
195.0	6228.45	3	dt4	14	bcov_human_wgs	rhel	bamcoverage
167.43	6269.84	4	dt4	14	bcov_human_wgs	rhel	bamcoverage
154.26	6153.65	5	dt4	14	bcov_human_wgs	rhel	bamcoverage
173.24	6476.7	1	dt4	15	bcov_human_wgs	rhel	bamcoverage
161.74	6092.81	2	dt4	15	bcov_human_wgs	rhel	bamcoverage
159.98	6133.97	3	dt4	15	bcov_human_wgs	rhel	bamcoverage
165.3	6097.88	4	dt4	15	bcov_human_wgs	rhel	bamcoverage
154.99	6551.75	5	dt4	15	bcov_human_wgs	rhel	bamcoverage
145.91	6351.91	1	dt4	16	bcov_human_wgs	rhel	bamcoverage
150.98	6720.21	2	dt4	16	bcov_human_wgs	rhel	bamcoverage
148.13	6219.8	3	dt4	16	bcov_human_wgs	rhel	bamcoverage
140.48	6220.29	4	dt4	16	bcov_human_wgs	rhel	bamcoverage
150.84	6187.59	5	dt4	16	bcov_human_wgs	rhel	bamcoverage
155.92	6253.6	1	dt4	17	bcov_human_wgs	rhel	bamcoverage
150.86	6549.8	2	dt4	17	bcov_human_wgs	rhel	bamcoverage
145.23	6279.13	3	dt4	17	bcov_human_wgs	rhel	bamcoverage
131.68	6125.09	4	dt4	17	bcov_human_wgs	rhel	bamcoverage
134.47	6250.98	5	dt4	17	bcov_human_wgs	rhel	bamcoverage
151.51	6344.42	1	dt4	18	bcov_human_wgs	rhel	bamcoverage
149.83	6367.61	2	dt4	18	bcov_human_wgs	rhel	bamcoverage
135.99	5602.05	3	dt4	18	bcov_human_wgs	rhel	bamcoverage
144.62	6245.72	4	dt4	18	bcov_human_wgs	rhel	bamcoverage
145.71	6369.5	5	dt4	18	bcov_human_wgs	rhel	bamcoverage
146.15	6400.38	1	dt4	19	bcov_human_wgs	rhel	bamcoverage
131.21	6161.55	2	dt4	19	bcov_human_wgs	rhel	bamcoverage
144.52	6438.34	3	dt4	19	bcov_human_wgs	rhel	bamcoverage
148.52	6484.69	4	dt4	19	bcov_human_wgs	rhel	bamcoverage
141.42	6291.57	5	dt4	19	bcov_human_wgs	rhel	bamcoverage
178.38	6490.25	1	dt4	20	bcov_human_wgs	rhel	bamcoverage
144.32	6292.96	2	dt4	20	bcov_human_wgs	rhel	bamcoverage
130.34	5986.9	3	dt4	20	bcov_human_wgs	rhel	bamcoverage
142.28	6289.72	4	dt4	20	bcov_human_wgs	rhel	bamcoverage
135.14	6067.63	5	dt4	20	bcov_human_wgs	rhel	bamcoverage
120.57	481.08	1	dt4	1	bcov_triticum_chip	rhel	bamcoverage
118.97	504.59	2	dt4	1	bcov_triticum_chip	rhel	bamcoverage
120.61	532.59	3	dt4	1	bcov_triticum_chip	rhel	bamcoverage
119.36	492.69	4	dt4	1	bcov_triticum_chip	rhel	bamcoverage
136.21	510.35	5	dt4	1	bcov_triticum_chip	rhel	bamcoverage
74.15	755.0	1	dt4	2	bcov_triticum_chip	rhel	bamcoverage
77.58	668.49	2	dt4	2	bcov_triticum_chip	rhel	bamcoverage
76.5	764.23	3	dt4	2	bcov_triticum_chip	rhel	bamcoverage
74.72	718.89	4	dt4	2	bcov_triticum_chip	rhel	bamcoverage
88.99	718.68	5	dt4	2	bcov_triticum_chip	rhel	bamcoverage
95.3	1002.4	1	dt4	3	bcov_triticum_chip	rhel	bamcoverage
65.99	1103.57	2	dt4	3	bcov_triticum_chip	rhel	bamcoverage
65.92	1100.48	3	dt4	3	bcov_triticum_chip	rhel	bamcoverage
63.93	990.67	4	dt4	3	bcov_triticum_chip	rhel	bamcoverage
64.88	1037.07	5	dt4	3	bcov_triticum_chip	rhel	bamcoverage
102.13	1317.39	1	dt4	4	bcov_triticum_chip	rhel	bamcoverage
65.68	1216.45	2	dt4	4	bcov_triticum_chip	rhel	bamcoverage
74.61	1535.37	3	dt4	4	bcov_triticum_chip	rhel	bamcoverage
58.0	1345.97	4	dt4	4	bcov_triticum_chip	rhel	bamcoverage
60.86	1312.06	5	dt4	4	bcov_triticum_chip	rhel	bamcoverage
58.62	1509.73	1	dt4	5	bcov_triticum_chip	rhel	bamcoverage
56.07	1710.48	2	dt4	5	bcov_triticum_chip	rhel	bamcoverage
61.37	1524.67	3	dt4	5	bcov_triticum_chip	rhel	bamcoverage
57.8	1695.01	4	dt4	5	bcov_triticum_chip	rhel	bamcoverage
58.8	1742.38	5	dt4	5	bcov_triticum_chip	rhel	bamcoverage
58.21	1478.23	1	dt4	6	bcov_triticum_chip	rhel	bamcoverage
54.3	1953.0	2	dt4	6	bcov_triticum_chip	rhel	bamcoverage
58.81	1786.52	3	dt4	6	bcov_triticum_chip	rhel	bamcoverage
54.18	2066.06	4	dt4	6	bcov_triticum_chip	rhel	bamcoverage
54.81	1648.61	5	dt4	6	bcov_triticum_chip	rhel	bamcoverage
53.73	2120.2	1	dt4	7	bcov_triticum_chip	rhel	bamcoverage
55.9	2180.27	2	dt4	7	bcov_triticum_chip	rhel	bamcoverage
54.15	2158.44	3	dt4	7	bcov_triticum_chip	rhel	bamcoverage
55.67	2422.42	4	dt4	7	bcov_triticum_chip	rhel	bamcoverage
51.18	1856.49	5	dt4	7	bcov_triticum_chip	rhel	bamcoverage
53.75	2120.55	1	dt4	8	bcov_triticum_chip	rhel	bamcoverage
63.57	2334.72	2	dt4	8	bcov_triticum_chip	rhel	bamcoverage
51.79	2047.32	3	dt4	8	bcov_triticum_chip	rhel	bamcoverage
53.67	2111.73	4	dt4	8	bcov_triticum_chip	rhel	bamcoverage
51.57	2462.46	5	dt4	8	bcov_triticum_chip	rhel	bamcoverage
50.39	2445.12	1	dt4	9	bcov_triticum_chip	rhel	bamcoverage
49.71	2284.76	2	dt4	9	bcov_triticum_chip	rhel	bamcoverage
54.24	2526.54	3	dt4	9	bcov_triticum_chip	rhel	bamcoverage
50.97	2418.96	4	dt4	9	bcov_triticum_chip	rhel	bamcoverage
51.91	2509.66	5	dt4	9	bcov_triticum_chip	rhel	bamcoverage
56.26	2585.12	1	dt4	10	bcov_triticum_chip	rhel	bamcoverage
50.44	3120.35	2	dt4	10	bcov_triticum_chip	rhel	bamcoverage
49.48	2271.56	3	dt4	10	bcov_triticum_chip	rhel	bamcoverage
47.35	2644.62	4	dt4	10	bcov_triticum_chip	rhel	bamcoverage
48.06	2534.44	5	dt4	10	bcov_triticum_chip	rhel	bamcoverage
47.82	3176.86	1	dt4	11	bcov_triticum_chip	rhel	bamcoverage
52.28	2666.58	2	dt4	11	bcov_triticum_chip	rhel	bamcoverage
48.44	3290.07	3	dt4	11	bcov_triticum_chip	rhel	bamcoverage
48.05	2810.88	4	dt4	11	bcov_triticum_chip	rhel	bamcoverage
49.67	3057.28	5	dt4	11	bcov_triticum_chip	rhel	bamcoverage
51.07	3097.8	1	dt4	12	bcov_triticum_chip	rhel	bamcoverage
49.27	3217.07	2	dt4	12	bcov_triticum_chip	rhel	bamcoverage
49.75	2988.71	3	dt4	12	bcov_triticum_chip	rhel	bamcoverage
49.27	3057.26	4	dt4	12	bcov_triticum_chip	rhel	bamcoverage
49.77	3177.07	5	dt4	12	bcov_triticum_chip	rhel	bamcoverage
50.7	3121.23	1	dt4	13	bcov_triticum_chip	rhel	bamcoverage
57.71	3444.23	2	dt4	13	bcov_triticum_chip	rhel	bamcoverage
52.36	2919.04	3	dt4	13	bcov_triticum_chip	rhel	bamcoverage
48.33	3138.35	4	dt4	13	bcov_triticum_chip	rhel	bamcoverage
48.21	2999.95	5	dt4	13	bcov_triticum_chip	rhel	bamcoverage
52.62	3225.89	1	dt4	14	bcov_triticum_chip	rhel	bamcoverage
49.36	3408.44	2	dt4	14	bcov_triticum_chip	rhel	bamcoverage
52.23	3454.41	3	dt4	14	bcov_triticum_chip	rhel	bamcoverage
48.7	3352.24	4	dt4	14	bcov_triticum_chip	rhel	bamcoverage
50.62	3220.89	5	dt4	14	bcov_triticum_chip	rhel	bamcoverage
46.53	3575.51	1	dt4	15	bcov_triticum_chip	rhel	bamcoverage
47.84	3686.03	2	dt4	15	bcov_triticum_chip	rhel	bamcoverage
47.47	3902.46	3	dt4	15	bcov_triticum_chip	rhel	bamcoverage
47.94	3836.48	4	dt4	15	bcov_triticum_chip	rhel	bamcoverage
48.32	3693.47	5	dt4	15	bcov_triticum_chip	rhel	bamcoverage
49.37	4213.77	1	dt4	16	bcov_triticum_chip	rhel	bamcoverage
48.82	4460.1	2	dt4	16	bcov_triticum_chip	rhel	bamcoverage
48.96	4140.28	3	dt4	16	bcov_triticum_chip	rhel	bamcoverage
49.97	4387.63	4	dt4	16	bcov_triticum_chip	rhel	bamcoverage
47.82	3909.88	5	dt4	16	bcov_triticum_chip	rhel	bamcoverage
47.37	4395.0	1	dt4	17	bcov_triticum_chip	rhel	bamcoverage
47.77	4535.18	2	dt4	17	bcov_triticum_chip	rhel	bamcoverage
45.52	3889.28	3	dt4	17	bcov_triticum_chip	rhel	bamcoverage
49.66	4368.74	4	dt4	17	bcov_triticum_chip	rhel	bamcoverage
48.94	4146.66	5	dt4	17	bcov_triticum_chip	rhel	bamcoverage
45.88	4658.7	1	dt4	18	bcov_triticum_chip	rhel	bamcoverage
46.69	4580.3	2	dt4	18	bcov_triticum_chip	rhel	bamcoverage
47.89	4586.75	3	dt4	18	bcov_triticum_chip	rhel	bamcoverage
48.18	4808.21	4	dt4	18	bcov_triticum_chip	rhel	bamcoverage
47.75	4401.05	5	dt4	18	bcov_triticum_chip	rhel	bamcoverage
45.11	4808.05	1	dt4	19	bcov_triticum_chip	rhel	bamcoverage
45.58	4303.05	2	dt4	19	bcov_triticum_chip	rhel	bamcoverage
47.06	4383.45	3	dt4	19	bcov_triticum_chip	rhel	bamcoverage
48.46	4609.72	4	dt4	19	bcov_triticum_chip	rhel	bamcoverage
48.37	4954.91	5	dt4	19	bcov_triticum_chip	rhel	bamcoverage
48.69	5201.56	1	dt4	20	bcov_triticum_chip	rhel	bamcoverage
46.33	4359.21	2	dt4	20	bcov_triticum_chip	rhel	bamcoverage
47.39	5227.42	3	dt4	20	bcov_triticum_chip	rhel	bamcoverage
47.55	5048.77	4	dt4	20	bcov_triticum_chip	rhel	bamcoverage
46.82	4889.39	5	dt4	20	bcov_triticum_chip	rhel	bamcoverage
49.76	397.25	1	dt4	1	bcov_triticum_rna	rhel	bamcoverage
50.72	359.41	2	dt4	1	bcov_triticum_rna	rhel	bamcoverage
49.96	402.97	3	dt4	1	bcov_triticum_rna	rhel	bamcoverage
50.5	365.44	4	dt4	1	bcov_triticum_rna	rhel	bamcoverage
50.97	406.37	5	dt4	1	bcov_triticum_rna	rhel	bamcoverage
56.18	718.43	1	dt4	2	bcov_triticum_rna	rhel	bamcoverage
34.36	705.33	2	dt4	2	bcov_triticum_rna	rhel	bamcoverage
40.83	659.22	3	dt4	2	bcov_triticum_rna	rhel	bamcoverage
33.81	626.4	4	dt4	2	bcov_triticum_rna	rhel	bamcoverage
34.45	688.77	5	dt4	2	bcov_triticum_rna	rhel	bamcoverage
45.91	831.51	1	dt4	3	bcov_triticum_rna	rhel	bamcoverage
48.69	736.05	2	dt4	3	bcov_triticum_rna	rhel	bamcoverage
31.16	948.94	3	dt4	3	bcov_triticum_rna	rhel	bamcoverage
30.23	954.01	4	dt4	3	bcov_triticum_rna	rhel	bamcoverage
30.15	965.27	5	dt4	3	bcov_triticum_rna	rhel	bamcoverage
29.52	936.59	1	dt4	4	bcov_triticum_rna	rhel	bamcoverage
26.8	1068.69	2	dt4	4	bcov_triticum_rna	rhel	bamcoverage
27.68	1057.91	3	dt4	4	bcov_triticum_rna	rhel	bamcoverage
32.9	1078.66	4	dt4	4	bcov_triticum_rna	rhel	bamcoverage
27.87	1050.45	5	dt4	4	bcov_triticum_rna	rhel	bamcoverage
25.92	1318.58	1	dt4	5	bcov_triticum_rna	rhel	bamcoverage
25.97	1319.63	2	dt4	5	bcov_triticum_rna	rhel	bamcoverage
26.06	1044.62	3	dt4	5	bcov_triticum_rna	rhel	bamcoverage
34.71	1193.18	4	dt4	5	bcov_triticum_rna	rhel	bamcoverage
27.76	1270.57	5	dt4	5	bcov_triticum_rna	rhel	bamcoverage
27.61	1307.91	1	dt4	6	bcov_triticum_rna	rhel	bamcoverage
24.89	1373.82	2	dt4	6	bcov_triticum_rna	rhel	bamcoverage
24.68	1473.16	3	dt4	6	bcov_triticum_rna	rhel	bamcoverage
27.04	1334.38	4	dt4	6	bcov_triticum_rna	rhel	bamcoverage
25.79	1551.97	5	dt4	6	bcov_triticum_rna	rhel	bamcoverage
23.61	1725.96	1	dt4	7	bcov_triticum_rna	rhel	bamcoverage
25.82	1913.27	2	dt4	7	bcov_triticum_rna	rhel	bamcoverage
24.93	1482.13	3	dt4	7	bcov_triticum_rna	rhel	bamcoverage
23.83	1382.46	4	dt4	7	bcov_triticum_rna	rhel	bamcoverage
25.09	1598.5	5	dt4	7	bcov_triticum_rna	rhel	bamcoverage
25.47	1926.11	1	dt4	8	bcov_triticum_rna	rhel	bamcoverage
24.25	1806.35	2	dt4	8	bcov_triticum_rna	rhel	bamcoverage
24.03	1592.62	3	dt4	8	bcov_triticum_rna	rhel	bamcoverage
24.06	1677.22	4	dt4	8	bcov_triticum_rna	rhel	bamcoverage
25.03	1751.07	5	dt4	8	bcov_triticum_rna	rhel	bamcoverage
24.74	1861.34	1	dt4	9	bcov_triticum_rna	rhel	bamcoverage
23.69	1986.54	2	dt4	9	bcov_triticum_rna	rhel	bamcoverage
23.5	2035.62	3	dt4	9	bcov_triticum_rna	rhel	bamcoverage
23.86	1931.7	4	dt4	9	bcov_triticum_rna	rhel	bamcoverage
23.15	2163.93	5	dt4	9	bcov_triticum_rna	rhel	bamcoverage
25.49	2006.52	1	dt4	10	bcov_triticum_rna	rhel	bamcoverage
24.53	2371.76	2	dt4	10	bcov_triticum_rna	rhel	bamcoverage
25.2	2224.99	3	dt4	10	bcov_triticum_rna	rhel	bamcoverage
23.58	2048.25	4	dt4	10	bcov_triticum_rna	rhel	bamcoverage
23.54	2179.9	5	dt4	10	bcov_triticum_rna	rhel	bamcoverage
25.59	2293.03	1	dt4	11	bcov_triticum_rna	rhel	bamcoverage
25.08	2303.48	2	dt4	11	bcov_triticum_rna	rhel	bamcoverage
25.81	2411.06	3	dt4	11	bcov_triticum_rna	rhel	bamcoverage
24.45	2264.09	4	dt4	11	bcov_triticum_rna	rhel	bamcoverage
23.07	2274.54	5	dt4	11	bcov_triticum_rna	rhel	bamcoverage
24.88	2708.61	1	dt4	12	bcov_triticum_rna	rhel	bamcoverage
25.13	2637.0	2	dt4	12	bcov_triticum_rna	rhel	bamcoverage
25.39	2562.09	3	dt4	12	bcov_triticum_rna	rhel	bamcoverage
22.99	2462.19	4	dt4	12	bcov_triticum_rna	rhel	bamcoverage
23.34	2497.29	5	dt4	12	bcov_triticum_rna	rhel	bamcoverage
23.27	3034.5	1	dt4	13	bcov_triticum_rna	rhel	bamcoverage
24.47	2844.79	2	dt4	13	bcov_triticum_rna	rhel	bamcoverage
25.92	2831.07	3	dt4	13	bcov_triticum_rna	rhel	bamcoverage
22.44	2564.96	4	dt4	13	bcov_triticum_rna	rhel	bamcoverage
23.81	2389.42	5	dt4	13	bcov_triticum_rna	rhel	bamcoverage
24.39	2857.27	1	dt4	14	bcov_triticum_rna	rhel	bamcoverage
24.78	2948.89	2	dt4	14	bcov_triticum_rna	rhel	bamcoverage
22.66	3213.62	3	dt4	14	bcov_triticum_rna	rhel	bamcoverage
23.77	2838.58	4	dt4	14	bcov_triticum_rna	rhel	bamcoverage
22.8	2771.47	5	dt4	14	bcov_triticum_rna	rhel	bamcoverage
23.45	3185.0	1	dt4	15	bcov_triticum_rna	rhel	bamcoverage
22.6	3510.89	2	dt4	15	bcov_triticum_rna	rhel	bamcoverage
24.21	2906.52	3	dt4	15	bcov_triticum_rna	rhel	bamcoverage
22.25	2921.23	4	dt4	15	bcov_triticum_rna	rhel	bamcoverage
21.83	3429.25	5	dt4	15	bcov_triticum_rna	rhel	bamcoverage
25.42	3221.26	1	dt4	16	bcov_triticum_rna	rhel	bamcoverage
24.62	3588.18	2	dt4	16	bcov_triticum_rna	rhel	bamcoverage
25.17	3405.24	3	dt4	16	bcov_triticum_rna	rhel	bamcoverage
22.92	3950.02	4	dt4	16	bcov_triticum_rna	rhel	bamcoverage
23.55	3132.38	5	dt4	16	bcov_triticum_rna	rhel	bamcoverage
23.18	3828.58	1	dt4	17	bcov_triticum_rna	rhel	bamcoverage
23.94	3584.28	2	dt4	17	bcov_triticum_rna	rhel	bamcoverage
22.3	3567.5	3	dt4	17	bcov_triticum_rna	rhel	bamcoverage
23.05	3403.71	4	dt4	17	bcov_triticum_rna	rhel	bamcoverage
22.94	3846.05	5	dt4	17	bcov_triticum_rna	rhel	bamcoverage
22.0	3785.19	1	dt4	18	bcov_triticum_rna	rhel	bamcoverage
23.01	3395.35	2	dt4	18	bcov_triticum_rna	rhel	bamcoverage
23.85	3915.74	3	dt4	18	bcov_triticum_rna	rhel	bamcoverage
23.45	3702.62	4	dt4	18	bcov_triticum_rna	rhel	bamcoverage
22.0	3674.94	5	dt4	18	bcov_triticum_rna	rhel	bamcoverage
22.23	4364.95	1	dt4	19	bcov_triticum_rna	rhel	bamcoverage
22.25	3755.14	2	dt4	19	bcov_triticum_rna	rhel	bamcoverage
25.02	3710.4	3	dt4	19	bcov_triticum_rna	rhel	bamcoverage
23.96	4175.7	4	dt4	19	bcov_triticum_rna	rhel	bamcoverage
22.14	4083.43	5	dt4	19	bcov_triticum_rna	rhel	bamcoverage
22.16	3884.66	1	dt4	20	bcov_triticum_rna	rhel	bamcoverage
24.52	4140.19	2	dt4	20	bcov_triticum_rna	rhel	bamcoverage
24.58	4350.68	3	dt4	20	bcov_triticum_rna	rhel	bamcoverage
21.99	4222.04	4	dt4	20	bcov_triticum_rna	rhel	bamcoverage
21.7	3765.77	5	dt4	20	bcov_triticum_rna	rhel	bamcoverage
1567.71	6332.54	1	dt4	1	bcov_triticum_wgs	rhel	bamcoverage
1548.34	6344.99	2	dt4	1	bcov_triticum_wgs	rhel	bamcoverage
1568.54	6212.54	3	dt4	1	bcov_triticum_wgs	rhel	bamcoverage
1551.29	6929.98	4	dt4	1	bcov_triticum_wgs	rhel	bamcoverage
1552.89	6756.01	5	dt4	1	bcov_triticum_wgs	rhel	bamcoverage
866.96	6445.5	1	dt4	2	bcov_triticum_wgs	rhel	bamcoverage
939.97	6402.32	2	dt4	2	bcov_triticum_wgs	rhel	bamcoverage
1250.08	7555.94	3	dt4	2	bcov_triticum_wgs	rhel	bamcoverage
944.85	6418.31	4	dt4	2	bcov_triticum_wgs	rhel	bamcoverage
878.32	6909.71	5	dt4	2	bcov_triticum_wgs	rhel	bamcoverage
805.34	6564.56	1	dt4	3	bcov_triticum_wgs	rhel	bamcoverage
848.23	6810.95	2	dt4	3	bcov_triticum_wgs	rhel	bamcoverage
824.28	6837.48	3	dt4	3	bcov_triticum_wgs	rhel	bamcoverage
735.81	6578.16	4	dt4	3	bcov_triticum_wgs	rhel	bamcoverage
734.99	6582.76	5	dt4	3	bcov_triticum_wgs	rhel	bamcoverage
794.16	7251.45	1	dt4	4	bcov_triticum_wgs	rhel	bamcoverage
681.6	6627.49	2	dt4	4	bcov_triticum_wgs	rhel	bamcoverage
701.29	6512.71	3	dt4	4	bcov_triticum_wgs	rhel	bamcoverage
545.4	7579.15	4	dt4	4	bcov_triticum_wgs	rhel	bamcoverage
530.05	6739.98	5	dt4	4	bcov_triticum_wgs	rhel	bamcoverage
533.12	7333.2	1	dt4	5	bcov_triticum_wgs	rhel	bamcoverage
508.9	7873.7	2	dt4	5	bcov_triticum_wgs	rhel	bamcoverage
676.54	7009.43	3	dt4	5	bcov_triticum_wgs	rhel	bamcoverage
635.37	6763.44	4	dt4	5	bcov_triticum_wgs	rhel	bamcoverage
574.48	6940.03	5	dt4	5	bcov_triticum_wgs	rhel	bamcoverage
465.98	8659.63	1	dt4	6	bcov_triticum_wgs	rhel	bamcoverage
593.03	7554.36	2	dt4	6	bcov_triticum_wgs	rhel	bamcoverage
541.41	7053.68	3	dt4	6	bcov_triticum_wgs	rhel	bamcoverage
459.31	7780.68	4	dt4	6	bcov_triticum_wgs	rhel	bamcoverage
483.33	7564.09	5	dt4	6	bcov_triticum_wgs	rhel	bamcoverage
399.55	7667.27	1	dt4	7	bcov_triticum_wgs	rhel	bamcoverage
492.61	8065.58	2	dt4	7	bcov_triticum_wgs	rhel	bamcoverage
498.76	7657.55	3	dt4	7	bcov_triticum_wgs	rhel	bamcoverage
394.29	7440.27	4	dt4	7	bcov_triticum_wgs	rhel	bamcoverage
465.24	7024.32	5	dt4	7	bcov_triticum_wgs	rhel	bamcoverage
453.67	7993.83	1	dt4	8	bcov_triticum_wgs	rhel	bamcoverage
386.09	8048.53	2	dt4	8	bcov_triticum_wgs	rhel	bamcoverage
389.77	7631.71	3	dt4	8	bcov_triticum_wgs	rhel	bamcoverage
548.31	7102.6	4	dt4	8	bcov_triticum_wgs	rhel	bamcoverage
398.48	9479.77	5	dt4	8	bcov_triticum_wgs	rhel	bamcoverage
469.34	7501.55	1	dt4	9	bcov_triticum_wgs	rhel	bamcoverage
466.79	7112.36	2	dt4	9	bcov_triticum_wgs	rhel	bamcoverage
442.1	8117.07	3	dt4	9	bcov_triticum_wgs	rhel	bamcoverage
398.18	7265.6	4	dt4	9	bcov_triticum_wgs	rhel	bamcoverage
465.08	7308.93	5	dt4	9	bcov_triticum_wgs	rhel	bamcoverage
391.15	7613.67	1	dt4	10	bcov_triticum_wgs	rhel	bamcoverage
435.21	9073.97	2	dt4	10	bcov_triticum_wgs	rhel	bamcoverage
387.0	8949.42	3	dt4	10	bcov_triticum_wgs	rhel	bamcoverage
370.4	8452.28	4	dt4	10	bcov_triticum_wgs	rhel	bamcoverage
414.0	7457.09	5	dt4	10	bcov_triticum_wgs	rhel	bamcoverage
473.1	7556.71	1	dt4	11	bcov_triticum_wgs	rhel	bamcoverage
343.42	8287.16	2	dt4	11	bcov_triticum_wgs	rhel	bamcoverage
411.48	8151.59	3	dt4	11	bcov_triticum_wgs	rhel	bamcoverage
330.89	9018.68	4	dt4	11	bcov_triticum_wgs	rhel	bamcoverage
386.88	8595.9	5	dt4	11	bcov_triticum_wgs	rhel	bamcoverage
444.57	8879.97	1	dt4	12	bcov_triticum_wgs	rhel	bamcoverage
454.92	8245.9	2	dt4	12	bcov_triticum_wgs	rhel	bamcoverage
388.26	7921.43	3	dt4	12	bcov_triticum_wgs	rhel	bamcoverage
337.43	9371.65	4	dt4	12	bcov_triticum_wgs	rhel	bamcoverage
341.97	9211.45	5	dt4	12	bcov_triticum_wgs	rhel	bamcoverage
407.18	8585.69	1	dt4	13	bcov_triticum_wgs	rhel	bamcoverage
411.86	8500.5	2	dt4	13	bcov_triticum_wgs	rhel	bamcoverage
399.59	8484.79	3	dt4	13	bcov_triticum_wgs	rhel	bamcoverage
333.23	8125.69	4	dt4	13	bcov_triticum_wgs	rhel	bamcoverage
351.82	8348.33	5	dt4	13	bcov_triticum_wgs	rhel	bamcoverage
340.83	9064.39	1	dt4	14	bcov_triticum_wgs	rhel	bamcoverage
364.9	8432.98	2	dt4	14	bcov_triticum_wgs	rhel	bamcoverage
352.49	7753.75	3	dt4	14	bcov_triticum_wgs	rhel	bamcoverage
478.19	8090.68	4	dt4	14	bcov_triticum_wgs	rhel	bamcoverage
358.85	8298.16	5	dt4	14	bcov_triticum_wgs	rhel	bamcoverage
419.57	8047.89	1	dt4	15	bcov_triticum_wgs	rhel	bamcoverage
323.69	8884.05	2	dt4	15	bcov_triticum_wgs	rhel	bamcoverage
353.42	8947.18	3	dt4	15	bcov_triticum_wgs	rhel	bamcoverage
389.76	8453.39	4	dt4	15	bcov_triticum_wgs	rhel	bamcoverage
328.39	7722.48	5	dt4	15	bcov_triticum_wgs	rhel	bamcoverage
395.18	8479.83	1	dt4	16	bcov_triticum_wgs	rhel	bamcoverage
421.53	8193.33	2	dt4	16	bcov_triticum_wgs	rhel	bamcoverage
405.09	7911.83	3	dt4	16	bcov_triticum_wgs	rhel	bamcoverage
395.69	8670.28	4	dt4	16	bcov_triticum_wgs	rhel	bamcoverage
363.17	9132.33	5	dt4	16	bcov_triticum_wgs	rhel	bamcoverage
342.24	8491.94	1	dt4	17	bcov_triticum_wgs	rhel	bamcoverage
349.76	9584.23	2	dt4	17	bcov_triticum_wgs	rhel	bamcoverage
350.45	8025.68	3	dt4	17	bcov_triticum_wgs	rhel	bamcoverage
331.49	9650.9	4	dt4	17	bcov_triticum_wgs	rhel	bamcoverage
393.61	8392.03	5	dt4	17	bcov_triticum_wgs	rhel	bamcoverage
400.74	10923.21	1	dt4	18	bcov_triticum_wgs	rhel	bamcoverage
354.63	9221.24	2	dt4	18	bcov_triticum_wgs	rhel	bamcoverage
450.85	8579.94	3	dt4	18	bcov_triticum_wgs	rhel	bamcoverage
301.95	8546.76	4	dt4	18	bcov_triticum_wgs	rhel	bamcoverage
321.22	9183.11	5	dt4	18	bcov_triticum_wgs	rhel	bamcoverage
349.13	8819.73	1	dt4	19	bcov_triticum_wgs	rhel	bamcoverage
361.58	8823.3	2	dt4	19	bcov_triticum_wgs	rhel	bamcoverage
334.88	8901.84	3	dt4	19	bcov_triticum_wgs	rhel	bamcoverage
347.27	9124.36	4	dt4	19	bcov_triticum_wgs	rhel	bamcoverage
366.01	10591.65	5	dt4	19	bcov_triticum_wgs	rhel	bamcoverage
347.12	9500.43	1	dt4	20	bcov_triticum_wgs	rhel	bamcoverage
294.29	9886.23	2	dt4	20	bcov_triticum_wgs	rhel	bamcoverage
414.53	9796.92	3	dt4	20	bcov_triticum_wgs	rhel	bamcoverage
314.91	11251.96	4	dt4	20	bcov_triticum_wgs	rhel	bamcoverage
323.5	9690.64	5	dt4	20	bcov_triticum_wgs	rhel	bamcoverage
435.79	170.94	1	dt3	1	bcov_human_chip	rhel	bamcoverage
441.83	190.09	2	dt3	1	bcov_human_chip	rhel	bamcoverage
431.13	187.2	3	dt3	1	bcov_human_chip	rhel	bamcoverage
433.09	196.62	4	dt3	1	bcov_human_chip	rhel	bamcoverage
433.37	199.07	5	dt3	1	bcov_human_chip	rhel	bamcoverage
266.7	206.86	1	dt3	2	bcov_human_chip	rhel	bamcoverage
404.26	208.65	2	dt3	2	bcov_human_chip	rhel	bamcoverage
269.01	206.27	3	dt3	2	bcov_human_chip	rhel	bamcoverage
258.58	205.89	4	dt3	2	bcov_human_chip	rhel	bamcoverage
272.38	208.45	5	dt3	2	bcov_human_chip	rhel	bamcoverage
406.45	288.54	1	dt3	3	bcov_human_chip	rhel	bamcoverage
337.64	288.32	2	dt3	3	bcov_human_chip	rhel	bamcoverage
313.35	284.32	3	dt3	3	bcov_human_chip	rhel	bamcoverage
189.19	286.08	4	dt3	3	bcov_human_chip	rhel	bamcoverage
242.36	289.56	5	dt3	3	bcov_human_chip	rhel	bamcoverage
176.13	357.79	1	dt3	4	bcov_human_chip	rhel	bamcoverage
241.22	359.77	2	dt3	4	bcov_human_chip	rhel	bamcoverage
172.14	360.27	3	dt3	4	bcov_human_chip	rhel	bamcoverage
160.46	346.24	4	dt3	4	bcov_human_chip	rhel	bamcoverage
187.06	357.33	5	dt3	4	bcov_human_chip	rhel	bamcoverage
171.41	432.8	1	dt3	5	bcov_human_chip	rhel	bamcoverage
159.06	425.72	2	dt3	5	bcov_human_chip	rhel	bamcoverage
149.84	436.01	3	dt3	5	bcov_human_chip	rhel	bamcoverage
172.92	428.63	4	dt3	5	bcov_human_chip	rhel	bamcoverage
137.12	431.48	5	dt3	5	bcov_human_chip	rhel	bamcoverage
133.01	495.66	1	dt3	6	bcov_human_chip	rhel	bamcoverage
129.59	495.43	2	dt3	6	bcov_human_chip	rhel	bamcoverage
138.79	502.81	3	dt3	6	bcov_human_chip	rhel	bamcoverage
137.66	509.83	4	dt3	6	bcov_human_chip	rhel	bamcoverage
140.71	491.65	5	dt3	6	bcov_human_chip	rhel	bamcoverage
118.48	583.64	1	dt3	7	bcov_human_chip	rhel	bamcoverage
119.43	584.68	2	dt3	7	bcov_human_chip	rhel	bamcoverage
118.7	576.58	3	dt3	7	bcov_human_chip	rhel	bamcoverage
116.75	582.36	4	dt3	7	bcov_human_chip	rhel	bamcoverage
122.5	558.34	5	dt3	7	bcov_human_chip	rhel	bamcoverage
123.49	684.15	1	dt3	8	bcov_human_chip	rhel	bamcoverage
128.78	661.1	2	dt3	8	bcov_human_chip	rhel	bamcoverage
120.11	651.85	3	dt3	8	bcov_human_chip	rhel	bamcoverage
124.79	637.01	4	dt3	8	bcov_human_chip	rhel	bamcoverage
125.39	654.06	5	dt3	8	bcov_human_chip	rhel	bamcoverage
123.77	730.16	1	dt3	9	bcov_human_chip	rhel	bamcoverage
141.89	747.89	2	dt3	9	bcov_human_chip	rhel	bamcoverage
120.63	737.88	3	dt3	9	bcov_human_chip	rhel	bamcoverage
110.77	736.56	4	dt3	9	bcov_human_chip	rhel	bamcoverage
122.22	747.27	5	dt3	9	bcov_human_chip	rhel	bamcoverage
106.7	853.46	1	dt3	10	bcov_human_chip	rhel	bamcoverage
127.61	825.5	2	dt3	10	bcov_human_chip	rhel	bamcoverage
117.43	808.19	3	dt3	10	bcov_human_chip	rhel	bamcoverage
108.6	839.69	4	dt3	10	bcov_human_chip	rhel	bamcoverage
125.33	812.5	5	dt3	10	bcov_human_chip	rhel	bamcoverage
112.33	874.97	1	dt3	11	bcov_human_chip	rhel	bamcoverage
127.27	884.68	2	dt3	11	bcov_human_chip	rhel	bamcoverage
112.77	865.71	3	dt3	11	bcov_human_chip	rhel	bamcoverage
106.25	861.24	4	dt3	11	bcov_human_chip	rhel	bamcoverage
103.69	872.29	5	dt3	11	bcov_human_chip	rhel	bamcoverage
119.66	952.55	1	dt3	12	bcov_human_chip	rhel	bamcoverage
122.98	917.31	2	dt3	12	bcov_human_chip	rhel	bamcoverage
114.89	909.09	3	dt3	12	bcov_human_chip	rhel	bamcoverage
108.8	969.58	4	dt3	12	bcov_human_chip	rhel	bamcoverage
111.88	921.36	5	dt3	12	bcov_human_chip	rhel	bamcoverage
107.1	1056.83	1	dt3	13	bcov_human_chip	rhel	bamcoverage
112.26	1054.03	2	dt3	13	bcov_human_chip	rhel	bamcoverage
104.72	1018.48	3	dt3	13	bcov_human_chip	rhel	bamcoverage
100.48	1024.99	4	dt3	13	bcov_human_chip	rhel	bamcoverage
100.62	1025.43	5	dt3	13	bcov_human_chip	rhel	bamcoverage
97.05	1095.57	1	dt3	14	bcov_human_chip	rhel	bamcoverage
105.35	1116.07	2	dt3	14	bcov_human_chip	rhel	bamcoverage
101.55	1087.92	3	dt3	14	bcov_human_chip	rhel	bamcoverage
94.5	1075.95	4	dt3	14	bcov_human_chip	rhel	bamcoverage
98.64	1095.96	5	dt3	14	bcov_human_chip	rhel	bamcoverage
95.39	1227.81	1	dt3	15	bcov_human_chip	rhel	bamcoverage
101.31	1182.1	2	dt3	15	bcov_human_chip	rhel	bamcoverage
111.02	1146.92	3	dt3	15	bcov_human_chip	rhel	bamcoverage
94.98	1189.32	4	dt3	15	bcov_human_chip	rhel	bamcoverage
103.29	1156.82	5	dt3	15	bcov_human_chip	rhel	bamcoverage
99.58	1296.96	1	dt3	16	bcov_human_chip	rhel	bamcoverage
97.17	1248.35	2	dt3	16	bcov_human_chip	rhel	bamcoverage
101.1	1271.58	3	dt3	16	bcov_human_chip	rhel	bamcoverage
87.58	1293.62	4	dt3	16	bcov_human_chip	rhel	bamcoverage
87.1	1219.36	5	dt3	16	bcov_human_chip	rhel	bamcoverage
90.47	1304.35	1	dt3	17	bcov_human_chip	rhel	bamcoverage
92.09	1313.14	2	dt3	17	bcov_human_chip	rhel	bamcoverage
90.61	1331.95	3	dt3	17	bcov_human_chip	rhel	bamcoverage
91.93	1325.29	4	dt3	17	bcov_human_chip	rhel	bamcoverage
87.97	1338.09	5	dt3	17	bcov_human_chip	rhel	bamcoverage
94.77	1378.42	1	dt3	18	bcov_human_chip	rhel	bamcoverage
95.03	1343.17	2	dt3	18	bcov_human_chip	rhel	bamcoverage
100.21	1383.55	3	dt3	18	bcov_human_chip	rhel	bamcoverage
88.87	1433.93	4	dt3	18	bcov_human_chip	rhel	bamcoverage
91.19	1396.1	5	dt3	18	bcov_human_chip	rhel	bamcoverage
87.84	1447.46	1	dt3	19	bcov_human_chip	rhel	bamcoverage
93.36	1556.3	2	dt3	19	bcov_human_chip	rhel	bamcoverage
95.52	1484.54	3	dt3	19	bcov_human_chip	rhel	bamcoverage
88.42	1464.47	4	dt3	19	bcov_human_chip	rhel	bamcoverage
87.41	1457.71	5	dt3	19	bcov_human_chip	rhel	bamcoverage
93.72	1539.53	1	dt3	20	bcov_human_chip	rhel	bamcoverage
91.63	1554.36	2	dt3	20	bcov_human_chip	rhel	bamcoverage
86.91	1554.85	3	dt3	20	bcov_human_chip	rhel	bamcoverage
93.5	1586.8	4	dt3	20	bcov_human_chip	rhel	bamcoverage
88.19	1546.68	5	dt3	20	bcov_human_chip	rhel	bamcoverage
1194.4	136.45	1	dt3	1	bcov_human_rna	rhel	bamcoverage
1181.06	87.94	2	dt3	1	bcov_human_rna	rhel	bamcoverage
1185.85	76.45	3	dt3	1	bcov_human_rna	rhel	bamcoverage
1237.55	180.43	4	dt3	1	bcov_human_rna	rhel	bamcoverage
1197.72	136.91	5	dt3	1	bcov_human_rna	rhel	bamcoverage
738.6	213.93	1	dt3	2	bcov_human_rna	rhel	bamcoverage
627.82	217.66	2	dt3	2	bcov_human_rna	rhel	bamcoverage
894.0	218.2	3	dt3	2	bcov_human_rna	rhel	bamcoverage
782.69	213.89	4	dt3	2	bcov_human_rna	rhel	bamcoverage
703.34	214.29	5	dt3	2	bcov_human_rna	rhel	bamcoverage
701.35	288.84	1	dt3	3	bcov_human_rna	rhel	bamcoverage
875.1	291.25	2	dt3	3	bcov_human_rna	rhel	bamcoverage
486.13	290.22	3	dt3	3	bcov_human_rna	rhel	bamcoverage
437.89	300.3	4	dt3	3	bcov_human_rna	rhel	bamcoverage
573.97	297.6	5	dt3	3	bcov_human_rna	rhel	bamcoverage
467.87	350.02	1	dt3	4	bcov_human_rna	rhel	bamcoverage
433.79	372.47	2	dt3	4	bcov_human_rna	rhel	bamcoverage
511.32	367.11	3	dt3	4	bcov_human_rna	rhel	bamcoverage
463.35	366.46	4	dt3	4	bcov_human_rna	rhel	bamcoverage
504.22	376.25	5	dt3	4	bcov_human_rna	rhel	bamcoverage
456.19	429.1	1	dt3	5	bcov_human_rna	rhel	bamcoverage
530.33	444.44	2	dt3	5	bcov_human_rna	rhel	bamcoverage
490.18	451.39	3	dt3	5	bcov_human_rna	rhel	bamcoverage
558.13	442.8	4	dt3	5	bcov_human_rna	rhel	bamcoverage
395.0	447.38	5	dt3	5	bcov_human_rna	rhel	bamcoverage
359.96	524.68	1	dt3	6	bcov_human_rna	rhel	bamcoverage
381.64	525.12	2	dt3	6	bcov_human_rna	rhel	bamcoverage
539.56	524.16	3	dt3	6	bcov_human_rna	rhel	bamcoverage
463.67	532.42	4	dt3	6	bcov_human_rna	rhel	bamcoverage
482.92	520.93	5	dt3	6	bcov_human_rna	rhel	bamcoverage
385.99	592.46	1	dt3	7	bcov_human_rna	rhel	bamcoverage
359.29	592.66	2	dt3	7	bcov_human_rna	rhel	bamcoverage
363.06	618.29	3	dt3	7	bcov_human_rna	rhel	bamcoverage
372.83	566.9	4	dt3	7	bcov_human_rna	rhel	bamcoverage
400.45	604.51	5	dt3	7	bcov_human_rna	rhel	bamcoverage
380.57	667.66	1	dt3	8	bcov_human_rna	rhel	bamcoverage
384.91	670.76	2	dt3	8	bcov_human_rna	rhel	bamcoverage
410.62	689.62	3	dt3	8	bcov_human_rna	rhel	bamcoverage
373.92	755.13	4	dt3	8	bcov_human_rna	rhel	bamcoverage
399.43	687.35	5	dt3	8	bcov_human_rna	rhel	bamcoverage
413.32	736.7	1	dt3	9	bcov_human_rna	rhel	bamcoverage
394.01	782.82	2	dt3	9	bcov_human_rna	rhel	bamcoverage
536.15	763.41	3	dt3	9	bcov_human_rna	rhel	bamcoverage
402.35	755.46	4	dt3	9	bcov_human_rna	rhel	bamcoverage
376.03	733.23	5	dt3	9	bcov_human_rna	rhel	bamcoverage
394.76	851.67	1	dt3	10	bcov_human_rna	rhel	bamcoverage
407.72	813.25	2	dt3	10	bcov_human_rna	rhel	bamcoverage
363.55	832.17	3	dt3	10	bcov_human_rna	rhel	bamcoverage
453.17	807.0	4	dt3	10	bcov_human_rna	rhel	bamcoverage
390.68	837.15	5	dt3	10	bcov_human_rna	rhel	bamcoverage
374.35	907.6	1	dt3	11	bcov_human_rna	rhel	bamcoverage
353.22	899.66	2	dt3	11	bcov_human_rna	rhel	bamcoverage
404.85	895.19	3	dt3	11	bcov_human_rna	rhel	bamcoverage
364.1	916.39	4	dt3	11	bcov_human_rna	rhel	bamcoverage
346.12	883.91	5	dt3	11	bcov_human_rna	rhel	bamcoverage
385.69	1026.8	1	dt3	12	bcov_human_rna	rhel	bamcoverage
374.67	981.45	2	dt3	12	bcov_human_rna	rhel	bamcoverage
373.08	1026.97	3	dt3	12	bcov_human_rna	rhel	bamcoverage
358.67	1034.04	4	dt3	12	bcov_human_rna	rhel	bamcoverage
391.57	985.62	5	dt3	12	bcov_human_rna	rhel	bamcoverage
337.07	1039.41	1	dt3	13	bcov_human_rna	rhel	bamcoverage
372.6	1096.82	2	dt3	13	bcov_human_rna	rhel	bamcoverage
339.74	1104.66	3	dt3	13	bcov_human_rna	rhel	bamcoverage
381.79	1063.66	4	dt3	13	bcov_human_rna	rhel	bamcoverage
369.83	1014.08	5	dt3	13	bcov_human_rna	rhel	bamcoverage
390.58	1144.56	1	dt3	14	bcov_human_rna	rhel	bamcoverage
356.82	1169.62	2	dt3	14	bcov_human_rna	rhel	bamcoverage
369.98	1157.76	3	dt3	14	bcov_human_rna	rhel	bamcoverage
368.38	1144.23	4	dt3	14	bcov_human_rna	rhel	bamcoverage
390.72	1133.18	5	dt3	14	bcov_human_rna	rhel	bamcoverage
354.45	1189.68	1	dt3	15	bcov_human_rna	rhel	bamcoverage
382.92	1217.04	2	dt3	15	bcov_human_rna	rhel	bamcoverage
339.81	1229.59	3	dt3	15	bcov_human_rna	rhel	bamcoverage
584.3	1222.86	4	dt3	15	bcov_human_rna	rhel	bamcoverage
356.53	1254.93	5	dt3	15	bcov_human_rna	rhel	bamcoverage
385.26	1287.3	1	dt3	16	bcov_human_rna	rhel	bamcoverage
353.49	1249.8	2	dt3	16	bcov_human_rna	rhel	bamcoverage
344.33	1278.26	3	dt3	16	bcov_human_rna	rhel	bamcoverage
368.57	1305.38	4	dt3	16	bcov_human_rna	rhel	bamcoverage
342.58	1286.2	5	dt3	16	bcov_human_rna	rhel	bamcoverage
348.06	1330.15	1	dt3	17	bcov_human_rna	rhel	bamcoverage
347.25	1387.51	2	dt3	17	bcov_human_rna	rhel	bamcoverage
363.43	1440.75	3	dt3	17	bcov_human_rna	rhel	bamcoverage
350.89	1377.35	4	dt3	17	bcov_human_rna	rhel	bamcoverage
369.37	1392.11	5	dt3	17	bcov_human_rna	rhel	bamcoverage
358.22	1457.68	1	dt3	18	bcov_human_rna	rhel	bamcoverage
360.36	1470.52	2	dt3	18	bcov_human_rna	rhel	bamcoverage
383.84	1468.81	3	dt3	18	bcov_human_rna	rhel	bamcoverage
346.97	1418.38	4	dt3	18	bcov_human_rna	rhel	bamcoverage
359.38	1471.5	5	dt3	18	bcov_human_rna	rhel	bamcoverage
365.95	1539.89	1	dt3	19	bcov_human_rna	rhel	bamcoverage
351.85	1549.8	2	dt3	19	bcov_human_rna	rhel	bamcoverage
361.41	1587.94	3	dt3	19	bcov_human_rna	rhel	bamcoverage
356.63	1492.59	4	dt3	19	bcov_human_rna	rhel	bamcoverage
362.56	1544.97	5	dt3	19	bcov_human_rna	rhel	bamcoverage
346.12	1629.0	1	dt3	20	bcov_human_rna	rhel	bamcoverage
343.73	1588.53	2	dt3	20	bcov_human_rna	rhel	bamcoverage
367.11	1562.18	3	dt3	20	bcov_human_rna	rhel	bamcoverage
362.2	1535.87	4	dt3	20	bcov_human_rna	rhel	bamcoverage
357.89	1542.39	5	dt3	20	bcov_human_rna	rhel	bamcoverage
4525.84	775.86	1	dt3	1	bcov_human_wgs	rhel	bamcoverage
4675.66	790.6	2	dt3	1	bcov_human_wgs	rhel	bamcoverage
4612.88	834.93	3	dt3	1	bcov_human_wgs	rhel	bamcoverage
4508.94	750.05	4	dt3	1	bcov_human_wgs	rhel	bamcoverage
4838.95	750.96	5	dt3	1	bcov_human_wgs	rhel	bamcoverage
2671.14	747.89	1	dt3	2	bcov_human_wgs	rhel	bamcoverage
2598.08	851.07	2	dt3	2	bcov_human_wgs	rhel	bamcoverage
2687.74	745.08	3	dt3	2	bcov_human_wgs	rhel	bamcoverage
2540.95	789.22	4	dt3	2	bcov_human_wgs	rhel	bamcoverage
2555.28	748.96	5	dt3	2	bcov_human_wgs	rhel	bamcoverage
2834.99	749.66	1	dt3	3	bcov_human_wgs	rhel	bamcoverage
2623.26	750.69	2	dt3	3	bcov_human_wgs	rhel	bamcoverage
2304.97	749.01	3	dt3	3	bcov_human_wgs	rhel	bamcoverage
1952.14	748.55	4	dt3	3	bcov_human_wgs	rhel	bamcoverage
1817.33	820.84	5	dt3	3	bcov_human_wgs	rhel	bamcoverage
1717.75	747.65	1	dt3	4	bcov_human_wgs	rhel	bamcoverage
1694.98	747.68	2	dt3	4	bcov_human_wgs	rhel	bamcoverage
1753.15	751.59	3	dt3	4	bcov_human_wgs	rhel	bamcoverage
1461.79	749.24	4	dt3	4	bcov_human_wgs	rhel	bamcoverage
1454.24	747.74	5	dt3	4	bcov_human_wgs	rhel	bamcoverage
1242.36	749.12	1	dt3	5	bcov_human_wgs	rhel	bamcoverage
1575.15	748.25	2	dt3	5	bcov_human_wgs	rhel	bamcoverage
1266.92	746.61	3	dt3	5	bcov_human_wgs	rhel	bamcoverage
1267.9	746.46	4	dt3	5	bcov_human_wgs	rhel	bamcoverage
1290.59	750.31	5	dt3	5	bcov_human_wgs	rhel	bamcoverage
1242.22	752.45	1	dt3	6	bcov_human_wgs	rhel	bamcoverage
1178.31	748.62	2	dt3	6	bcov_human_wgs	rhel	bamcoverage
1472.76	748.38	3	dt3	6	bcov_human_wgs	rhel	bamcoverage
1280.09	759.2	4	dt3	6	bcov_human_wgs	rhel	bamcoverage
1133.64	750.58	5	dt3	6	bcov_human_wgs	rhel	bamcoverage
1041.29	847.28	1	dt3	7	bcov_human_wgs	rhel	bamcoverage
1005.85	813.12	2	dt3	7	bcov_human_wgs	rhel	bamcoverage
1171.81	813.04	3	dt3	7	bcov_human_wgs	rhel	bamcoverage
1000.31	799.29	4	dt3	7	bcov_human_wgs	rhel	bamcoverage
1029.23	797.23	5	dt3	7	bcov_human_wgs	rhel	bamcoverage
980.43	890.73	1	dt3	8	bcov_human_wgs	rhel	bamcoverage
972.03	918.46	2	dt3	8	bcov_human_wgs	rhel	bamcoverage
1136.21	934.3	3	dt3	8	bcov_human_wgs	rhel	bamcoverage
1065.64	893.92	4	dt3	8	bcov_human_wgs	rhel	bamcoverage
1057.69	925.72	5	dt3	8	bcov_human_wgs	rhel	bamcoverage
995.44	1063.92	1	dt3	9	bcov_human_wgs	rhel	bamcoverage
937.36	1012.17	2	dt3	9	bcov_human_wgs	rhel	bamcoverage
901.28	1036.23	3	dt3	9	bcov_human_wgs	rhel	bamcoverage
1054.19	1049.79	4	dt3	9	bcov_human_wgs	rhel	bamcoverage
1025.26	1092.34	5	dt3	9	bcov_human_wgs	rhel	bamcoverage
926.33	1108.88	1	dt3	10	bcov_human_wgs	rhel	bamcoverage
1004.09	1174.78	2	dt3	10	bcov_human_wgs	rhel	bamcoverage
956.85	1230.92	3	dt3	10	bcov_human_wgs	rhel	bamcoverage
1098.71	1095.96	4	dt3	10	bcov_human_wgs	rhel	bamcoverage
1013.06	1136.53	5	dt3	10	bcov_human_wgs	rhel	bamcoverage
836.92	1315.21	1	dt3	11	bcov_human_wgs	rhel	bamcoverage
826.81	1264.66	2	dt3	11	bcov_human_wgs	rhel	bamcoverage
981.85	1248.66	3	dt3	11	bcov_human_wgs	rhel	bamcoverage
885.15	1208.96	4	dt3	11	bcov_human_wgs	rhel	bamcoverage
920.16	1374.36	5	dt3	11	bcov_human_wgs	rhel	bamcoverage
800.57	1387.31	1	dt3	12	bcov_human_wgs	rhel	bamcoverage
779.14	1338.17	2	dt3	12	bcov_human_wgs	rhel	bamcoverage
866.34	1319.9	3	dt3	12	bcov_human_wgs	rhel	bamcoverage
803.22	1474.35	4	dt3	12	bcov_human_wgs	rhel	bamcoverage
815.48	1327.69	5	dt3	12	bcov_human_wgs	rhel	bamcoverage
830.65	1435.33	1	dt3	13	bcov_human_wgs	rhel	bamcoverage
893.3	1399.6	2	dt3	13	bcov_human_wgs	rhel	bamcoverage
883.81	1483.75	3	dt3	13	bcov_human_wgs	rhel	bamcoverage
794.81	1485.56	4	dt3	13	bcov_human_wgs	rhel	bamcoverage
799.11	1473.73	5	dt3	13	bcov_human_wgs	rhel	bamcoverage
808.74	1489.15	1	dt3	14	bcov_human_wgs	rhel	bamcoverage
801.07	1646.94	2	dt3	14	bcov_human_wgs	rhel	bamcoverage
773.41	1634.91	3	dt3	14	bcov_human_wgs	rhel	bamcoverage
750.57	1570.16	4	dt3	14	bcov_human_wgs	rhel	bamcoverage
738.08	1527.17	5	dt3	14	bcov_human_wgs	rhel	bamcoverage
817.66	1680.47	1	dt3	15	bcov_human_wgs	rhel	bamcoverage
736.12	1775.74	2	dt3	15	bcov_human_wgs	rhel	bamcoverage
733.1	1666.89	3	dt3	15	bcov_human_wgs	rhel	bamcoverage
725.31	1585.6	4	dt3	15	bcov_human_wgs	rhel	bamcoverage
737.02	1719.85	5	dt3	15	bcov_human_wgs	rhel	bamcoverage
709.84	1889.14	1	dt3	16	bcov_human_wgs	rhel	bamcoverage
715.36	1812.48	2	dt3	16	bcov_human_wgs	rhel	bamcoverage
720.26	1851.1	3	dt3	16	bcov_human_wgs	rhel	bamcoverage
739.16	1770.64	4	dt3	16	bcov_human_wgs	rhel	bamcoverage
749.51	1809.82	5	dt3	16	bcov_human_wgs	rhel	bamcoverage
704.11	1982.68	1	dt3	17	bcov_human_wgs	rhel	bamcoverage
704.14	1858.48	2	dt3	17	bcov_human_wgs	rhel	bamcoverage
753.56	1881.22	3	dt3	17	bcov_human_wgs	rhel	bamcoverage
685.52	1836.32	4	dt3	17	bcov_human_wgs	rhel	bamcoverage
715.95	1842.55	5	dt3	17	bcov_human_wgs	rhel	bamcoverage
683.34	1959.32	1	dt3	18	bcov_human_wgs	rhel	bamcoverage
733.3	1981.5	2	dt3	18	bcov_human_wgs	rhel	bamcoverage
656.45	2090.43	3	dt3	18	bcov_human_wgs	rhel	bamcoverage
673.09	1988.96	4	dt3	18	bcov_human_wgs	rhel	bamcoverage
710.7	2070.99	5	dt3	18	bcov_human_wgs	rhel	bamcoverage
675.67	2182.5	1	dt3	19	bcov_human_wgs	rhel	bamcoverage
647.94	2085.66	2	dt3	19	bcov_human_wgs	rhel	bamcoverage
675.15	2068.65	3	dt3	19	bcov_human_wgs	rhel	bamcoverage
740.45	2033.23	4	dt3	19	bcov_human_wgs	rhel	bamcoverage
683.73	2134.94	5	dt3	19	bcov_human_wgs	rhel	bamcoverage
644.58	2196.12	1	dt3	20	bcov_human_wgs	rhel	bamcoverage
648.36	2205.99	2	dt3	20	bcov_human_wgs	rhel	bamcoverage
660.95	2223.8	3	dt3	20	bcov_human_wgs	rhel	bamcoverage
659.93	2208.95	4	dt3	20	bcov_human_wgs	rhel	bamcoverage
651.99	2217.79	5	dt3	20	bcov_human_wgs	rhel	bamcoverage
1304.6	218.27	1	dt3	1	bcov_triticum_chip	rhel	bamcoverage
1307.01	229.64	2	dt3	1	bcov_triticum_chip	rhel	bamcoverage
1304.0	186.44	3	dt3	1	bcov_triticum_chip	rhel	bamcoverage
1307.26	200.23	4	dt3	1	bcov_triticum_chip	rhel	bamcoverage
1303.86	224.32	5	dt3	1	bcov_triticum_chip	rhel	bamcoverage
754.71	300.45	1	dt3	2	bcov_triticum_chip	rhel	bamcoverage
760.52	304.96	2	dt3	2	bcov_triticum_chip	rhel	bamcoverage
1304.33	302.13	3	dt3	2	bcov_triticum_chip	rhel	bamcoverage
795.1	296.09	4	dt3	2	bcov_triticum_chip	rhel	bamcoverage
888.06	300.33	5	dt3	2	bcov_triticum_chip	rhel	bamcoverage
807.69	386.91	1	dt3	3	bcov_triticum_chip	rhel	bamcoverage
910.82	402.32	2	dt3	3	bcov_triticum_chip	rhel	bamcoverage
953.97	460.1	3	dt3	3	bcov_triticum_chip	rhel	bamcoverage
553.49	413.94	4	dt3	3	bcov_triticum_chip	rhel	bamcoverage
614.15	413.03	5	dt3	3	bcov_triticum_chip	rhel	bamcoverage
445.56	498.31	1	dt3	4	bcov_triticum_chip	rhel	bamcoverage
472.29	516.83	2	dt3	4	bcov_triticum_chip	rhel	bamcoverage
733.54	511.74	3	dt3	4	bcov_triticum_chip	rhel	bamcoverage
464.3	546.48	4	dt3	4	bcov_triticum_chip	rhel	bamcoverage
569.05	504.29	5	dt3	4	bcov_triticum_chip	rhel	bamcoverage
370.17	612.55	1	dt3	5	bcov_triticum_chip	rhel	bamcoverage
481.29	650.07	2	dt3	5	bcov_triticum_chip	rhel	bamcoverage
374.62	669.02	3	dt3	5	bcov_triticum_chip	rhel	bamcoverage
459.24	619.96	4	dt3	5	bcov_triticum_chip	rhel	bamcoverage
388.55	618.65	5	dt3	5	bcov_triticum_chip	rhel	bamcoverage
379.17	718.52	1	dt3	6	bcov_triticum_chip	rhel	bamcoverage
340.98	724.75	2	dt3	6	bcov_triticum_chip	rhel	bamcoverage
399.86	727.43	3	dt3	6	bcov_triticum_chip	rhel	bamcoverage
476.98	773.37	4	dt3	6	bcov_triticum_chip	rhel	bamcoverage
339.73	722.5	5	dt3	6	bcov_triticum_chip	rhel	bamcoverage
328.96	861.5	1	dt3	7	bcov_triticum_chip	rhel	bamcoverage
310.62	839.51	2	dt3	7	bcov_triticum_chip	rhel	bamcoverage
380.31	815.65	3	dt3	7	bcov_triticum_chip	rhel	bamcoverage
343.88	897.32	4	dt3	7	bcov_triticum_chip	rhel	bamcoverage
349.53	835.63	5	dt3	7	bcov_triticum_chip	rhel	bamcoverage
340.27	936.01	1	dt3	8	bcov_triticum_chip	rhel	bamcoverage
305.2	943.82	2	dt3	8	bcov_triticum_chip	rhel	bamcoverage
372.98	954.69	3	dt3	8	bcov_triticum_chip	rhel	bamcoverage
315.14	971.89	4	dt3	8	bcov_triticum_chip	rhel	bamcoverage
278.88	957.23	5	dt3	8	bcov_triticum_chip	rhel	bamcoverage
374.48	1032.06	1	dt3	9	bcov_triticum_chip	rhel	bamcoverage
359.59	1057.96	2	dt3	9	bcov_triticum_chip	rhel	bamcoverage
334.23	1067.91	3	dt3	9	bcov_triticum_chip	rhel	bamcoverage
252.4	1096.87	4	dt3	9	bcov_triticum_chip	rhel	bamcoverage
298.59	1052.7	5	dt3	9	bcov_triticum_chip	rhel	bamcoverage
316.18	1148.52	1	dt3	10	bcov_triticum_chip	rhel	bamcoverage
319.16	1155.22	2	dt3	10	bcov_triticum_chip	rhel	bamcoverage
305.76	1186.64	3	dt3	10	bcov_triticum_chip	rhel	bamcoverage
289.99	1179.95	4	dt3	10	bcov_triticum_chip	rhel	bamcoverage
297.07	1114.73	5	dt3	10	bcov_triticum_chip	rhel	bamcoverage
339.56	1270.35	1	dt3	11	bcov_triticum_chip	rhel	bamcoverage
361.31	1230.19	2	dt3	11	bcov_triticum_chip	rhel	bamcoverage
325.55	1282.95	3	dt3	11	bcov_triticum_chip	rhel	bamcoverage
305.33	1258.68	4	dt3	11	bcov_triticum_chip	rhel	bamcoverage
286.68	1255.94	5	dt3	11	bcov_triticum_chip	rhel	bamcoverage
279.35	1370.73	1	dt3	12	bcov_triticum_chip	rhel	bamcoverage
282.03	1406.63	2	dt3	12	bcov_triticum_chip	rhel	bamcoverage
283.31	1418.2	3	dt3	12	bcov_triticum_chip	rhel	bamcoverage
236.02	1356.59	4	dt3	12	bcov_triticum_chip	rhel	bamcoverage
233.61	1363.02	5	dt3	12	bcov_triticum_chip	rhel	bamcoverage
269.84	1438.84	1	dt3	13	bcov_triticum_chip	rhel	bamcoverage
289.49	1498.98	2	dt3	13	bcov_triticum_chip	rhel	bamcoverage
279.28	1437.57	3	dt3	13	bcov_triticum_chip	rhel	bamcoverage
250.55	1488.54	4	dt3	13	bcov_triticum_chip	rhel	bamcoverage
223.93	1550.12	5	dt3	13	bcov_triticum_chip	rhel	bamcoverage
275.46	1638.17	1	dt3	14	bcov_triticum_chip	rhel	bamcoverage
271.76	1556.54	2	dt3	14	bcov_triticum_chip	rhel	bamcoverage
252.98	1768.1	3	dt3	14	bcov_triticum_chip	rhel	bamcoverage
234.57	1582.58	4	dt3	14	bcov_triticum_chip	rhel	bamcoverage
240.97	1676.53	5	dt3	14	bcov_triticum_chip	rhel	bamcoverage
239.48	1682.26	1	dt3	15	bcov_triticum_chip	rhel	bamcoverage
263.63	1699.96	2	dt3	15	bcov_triticum_chip	rhel	bamcoverage
239.54	1662.07	3	dt3	15	bcov_triticum_chip	rhel	bamcoverage
239.31	1675.11	4	dt3	15	bcov_triticum_chip	rhel	bamcoverage
223.75	1730.46	5	dt3	15	bcov_triticum_chip	rhel	bamcoverage
265.01	1902.57	1	dt3	16	bcov_triticum_chip	rhel	bamcoverage
230.63	1769.19	2	dt3	16	bcov_triticum_chip	rhel	bamcoverage
221.37	1776.02	3	dt3	16	bcov_triticum_chip	rhel	bamcoverage
180.99	1805.4	4	dt3	16	bcov_triticum_chip	rhel	bamcoverage
183.35	1769.25	5	dt3	16	bcov_triticum_chip	rhel	bamcoverage
239.51	1872.25	1	dt3	17	bcov_triticum_chip	rhel	bamcoverage
238.69	1922.19	2	dt3	17	bcov_triticum_chip	rhel	bamcoverage
243.5	1892.99	3	dt3	17	bcov_triticum_chip	rhel	bamcoverage
193.09	1910.98	4	dt3	17	bcov_triticum_chip	rhel	bamcoverage
203.21	1967.28	5	dt3	17	bcov_triticum_chip	rhel	bamcoverage
248.57	2134.3	1	dt3	18	bcov_triticum_chip	rhel	bamcoverage
229.81	2055.24	2	dt3	18	bcov_triticum_chip	rhel	bamcoverage
254.54	1994.04	3	dt3	18	bcov_triticum_chip	rhel	bamcoverage
226.69	2103.69	4	dt3	18	bcov_triticum_chip	rhel	bamcoverage
209.96	2087.6	5	dt3	18	bcov_triticum_chip	rhel	bamcoverage
234.12	2124.78	1	dt3	19	bcov_triticum_chip	rhel	bamcoverage
225.21	2202.48	2	dt3	19	bcov_triticum_chip	rhel	bamcoverage
210.09	2362.39	3	dt3	19	bcov_triticum_chip	rhel	bamcoverage
187.03	2115.78	4	dt3	19	bcov_triticum_chip	rhel	bamcoverage
191.54	2199.54	5	dt3	19	bcov_triticum_chip	rhel	bamcoverage
225.78	2194.14	1	dt3	20	bcov_triticum_chip	rhel	bamcoverage
235.85	2310.86	2	dt3	20	bcov_triticum_chip	rhel	bamcoverage
241.47	2259.23	3	dt3	20	bcov_triticum_chip	rhel	bamcoverage
184.7	2296.31	4	dt3	20	bcov_triticum_chip	rhel	bamcoverage
201.1	2276.62	5	dt3	20	bcov_triticum_chip	rhel	bamcoverage
866.73	112.94	1	dt3	1	bcov_triticum_rna	rhel	bamcoverage
869.04	115.08	2	dt3	1	bcov_triticum_rna	rhel	bamcoverage
863.18	126.33	3	dt3	1	bcov_triticum_rna	rhel	bamcoverage
918.09	93.12	4	dt3	1	bcov_triticum_rna	rhel	bamcoverage
905.18	92.54	5	dt3	1	bcov_triticum_rna	rhel	bamcoverage
522.78	224.55	1	dt3	2	bcov_triticum_rna	rhel	bamcoverage
460.82	222.6	2	dt3	2	bcov_triticum_rna	rhel	bamcoverage
540.98	222.96	3	dt3	2	bcov_triticum_rna	rhel	bamcoverage
459.42	225.49	4	dt3	2	bcov_triticum_rna	rhel	bamcoverage
457.56	240.18	5	dt3	2	bcov_triticum_rna	rhel	bamcoverage
455.57	303.54	1	dt3	3	bcov_triticum_rna	rhel	bamcoverage
486.01	298.02	2	dt3	3	bcov_triticum_rna	rhel	bamcoverage
508.18	307.9	3	dt3	3	bcov_triticum_rna	rhel	bamcoverage
434.0	310.73	4	dt3	3	bcov_triticum_rna	rhel	bamcoverage
333.35	309.45	5	dt3	3	bcov_triticum_rna	rhel	bamcoverage
257.28	418.46	1	dt3	4	bcov_triticum_rna	rhel	bamcoverage
239.5	391.46	2	dt3	4	bcov_triticum_rna	rhel	bamcoverage
285.32	411.64	3	dt3	4	bcov_triticum_rna	rhel	bamcoverage
234.39	399.69	4	dt3	4	bcov_triticum_rna	rhel	bamcoverage
229.74	406.43	5	dt3	4	bcov_triticum_rna	rhel	bamcoverage
188.83	476.3	1	dt3	5	bcov_triticum_rna	rhel	bamcoverage
274.89	463.58	2	dt3	5	bcov_triticum_rna	rhel	bamcoverage
197.39	469.52	3	dt3	5	bcov_triticum_rna	rhel	bamcoverage
234.38	461.79	4	dt3	5	bcov_triticum_rna	rhel	bamcoverage
232.46	510.05	5	dt3	5	bcov_triticum_rna	rhel	bamcoverage
178.23	544.41	1	dt3	6	bcov_triticum_rna	rhel	bamcoverage
199.51	561.91	2	dt3	6	bcov_triticum_rna	rhel	bamcoverage
166.24	592.45	3	dt3	6	bcov_triticum_rna	rhel	bamcoverage
162.78	581.89	4	dt3	6	bcov_triticum_rna	rhel	bamcoverage
287.31	570.38	5	dt3	6	bcov_triticum_rna	rhel	bamcoverage
192.42	661.19	1	dt3	7	bcov_triticum_rna	rhel	bamcoverage
169.93	690.62	2	dt3	7	bcov_triticum_rna	rhel	bamcoverage
152.86	682.56	3	dt3	7	bcov_triticum_rna	rhel	bamcoverage
190.39	640.76	4	dt3	7	bcov_triticum_rna	rhel	bamcoverage
136.91	637.7	5	dt3	7	bcov_triticum_rna	rhel	bamcoverage
123.57	694.52	1	dt3	8	bcov_triticum_rna	rhel	bamcoverage
150.05	710.67	2	dt3	8	bcov_triticum_rna	rhel	bamcoverage
119.61	725.87	3	dt3	8	bcov_triticum_rna	rhel	bamcoverage
159.42	742.92	4	dt3	8	bcov_triticum_rna	rhel	bamcoverage
122.36	697.52	5	dt3	8	bcov_triticum_rna	rhel	bamcoverage
112.66	778.48	1	dt3	9	bcov_triticum_rna	rhel	bamcoverage
134.13	822.71	2	dt3	9	bcov_triticum_rna	rhel	bamcoverage
125.8	814.58	3	dt3	9	bcov_triticum_rna	rhel	bamcoverage
140.57	773.11	4	dt3	9	bcov_triticum_rna	rhel	bamcoverage
126.76	784.1	5	dt3	9	bcov_triticum_rna	rhel	bamcoverage
125.34	888.35	1	dt3	10	bcov_triticum_rna	rhel	bamcoverage
145.18	867.29	2	dt3	10	bcov_triticum_rna	rhel	bamcoverage
129.15	890.84	3	dt3	10	bcov_triticum_rna	rhel	bamcoverage
146.86	868.15	4	dt3	10	bcov_triticum_rna	rhel	bamcoverage
118.55	873.38	5	dt3	10	bcov_triticum_rna	rhel	bamcoverage
128.48	965.1	1	dt3	11	bcov_triticum_rna	rhel	bamcoverage
115.97	937.02	2	dt3	11	bcov_triticum_rna	rhel	bamcoverage
122.71	943.05	3	dt3	11	bcov_triticum_rna	rhel	bamcoverage
111.74	963.94	4	dt3	11	bcov_triticum_rna	rhel	bamcoverage
122.38	979.95	5	dt3	11	bcov_triticum_rna	rhel	bamcoverage
131.7	1114.44	1	dt3	12	bcov_triticum_rna	rhel	bamcoverage
134.19	1044.17	2	dt3	12	bcov_triticum_rna	rhel	bamcoverage
116.71	1102.72	3	dt3	12	bcov_triticum_rna	rhel	bamcoverage
108.32	1016.52	4	dt3	12	bcov_triticum_rna	rhel	bamcoverage
132.26	1032.47	5	dt3	12	bcov_triticum_rna	rhel	bamcoverage
107.36	1117.1	1	dt3	13	bcov_triticum_rna	rhel	bamcoverage
98.92	1161.55	2	dt3	13	bcov_triticum_rna	rhel	bamcoverage
137.51	1094.72	3	dt3	13	bcov_triticum_rna	rhel	bamcoverage
92.2	1146.25	4	dt3	13	bcov_triticum_rna	rhel	bamcoverage
82.79	1129.16	5	dt3	13	bcov_triticum_rna	rhel	bamcoverage
92.64	1198.48	1	dt3	14	bcov_triticum_rna	rhel	bamcoverage
82.61	1251.37	2	dt3	14	bcov_triticum_rna	rhel	bamcoverage
82.64	1234.98	3	dt3	14	bcov_triticum_rna	rhel	bamcoverage
80.98	1184.53	4	dt3	14	bcov_triticum_rna	rhel	bamcoverage
104.81	1153.07	5	dt3	14	bcov_triticum_rna	rhel	bamcoverage
77.33	1360.8	1	dt3	15	bcov_triticum_rna	rhel	bamcoverage
100.37	1294.39	2	dt3	15	bcov_triticum_rna	rhel	bamcoverage
82.9	1244.07	3	dt3	15	bcov_triticum_rna	rhel	bamcoverage
95.25	1292.69	4	dt3	15	bcov_triticum_rna	rhel	bamcoverage
87.72	1256.52	5	dt3	15	bcov_triticum_rna	rhel	bamcoverage
88.42	1455.76	1	dt3	16	bcov_triticum_rna	rhel	bamcoverage
88.11	1359.01	2	dt3	16	bcov_triticum_rna	rhel	bamcoverage
67.37	1333.77	3	dt3	16	bcov_triticum_rna	rhel	bamcoverage
75.6	1439.0	4	dt3	16	bcov_triticum_rna	rhel	bamcoverage
84.23	1412.42	5	dt3	16	bcov_triticum_rna	rhel	bamcoverage
80.27	1461.9	1	dt3	17	bcov_triticum_rna	rhel	bamcoverage
79.04	1452.32	2	dt3	17	bcov_triticum_rna	rhel	bamcoverage
75.72	1443.55	3	dt3	17	bcov_triticum_rna	rhel	bamcoverage
73.92	1464.7	4	dt3	17	bcov_triticum_rna	rhel	bamcoverage
70.9	1499.2	5	dt3	17	bcov_triticum_rna	rhel	bamcoverage
77.15	1582.47	1	dt3	18	bcov_triticum_rna	rhel	bamcoverage
76.25	1695.05	2	dt3	18	bcov_triticum_rna	rhel	bamcoverage
64.74	1658.62	3	dt3	18	bcov_triticum_rna	rhel	bamcoverage
74.55	1542.8	4	dt3	18	bcov_triticum_rna	rhel	bamcoverage
74.37	1557.69	5	dt3	18	bcov_triticum_rna	rhel	bamcoverage
79.13	1551.64	1	dt3	19	bcov_triticum_rna	rhel	bamcoverage
73.62	1556.78	2	dt3	19	bcov_triticum_rna	rhel	bamcoverage
73.22	1586.16	3	dt3	19	bcov_triticum_rna	rhel	bamcoverage
69.11	1548.23	4	dt3	19	bcov_triticum_rna	rhel	bamcoverage
56.57	1616.25	5	dt3	19	bcov_triticum_rna	rhel	bamcoverage
68.46	1766.48	1	dt3	20	bcov_triticum_rna	rhel	bamcoverage
73.29	1669.79	2	dt3	20	bcov_triticum_rna	rhel	bamcoverage
67.26	1794.75	3	dt3	20	bcov_triticum_rna	rhel	bamcoverage
67.95	1670.69	4	dt3	20	bcov_triticum_rna	rhel	bamcoverage
67.21	1741.67	5	dt3	20	bcov_triticum_rna	rhel	bamcoverage
7958.12	2289.7	1	dt3	1	bcov_triticum_wgs	rhel	bamcoverage
7969.94	2511.33	2	dt3	1	bcov_triticum_wgs	rhel	bamcoverage
7960.58	2289.03	3	dt3	1	bcov_triticum_wgs	rhel	bamcoverage
7967.26	2289.8	4	dt3	1	bcov_triticum_wgs	rhel	bamcoverage
8093.67	2609.55	5	dt3	1	bcov_triticum_wgs	rhel	bamcoverage
4682.32	2285.97	1	dt3	2	bcov_triticum_wgs	rhel	bamcoverage
5103.53	2287.16	2	dt3	2	bcov_triticum_wgs	rhel	bamcoverage
4743.02	2286.1	3	dt3	2	bcov_triticum_wgs	rhel	bamcoverage
4696.4	2622.23	4	dt3	2	bcov_triticum_wgs	rhel	bamcoverage
5107.86	2287.73	5	dt3	2	bcov_triticum_wgs	rhel	bamcoverage
4851.37	2586.64	1	dt3	3	bcov_triticum_wgs	rhel	bamcoverage
4619.9	2481.88	2	dt3	3	bcov_triticum_wgs	rhel	bamcoverage
4877.2	2444.34	3	dt3	3	bcov_triticum_wgs	rhel	bamcoverage
3620.82	2463.21	4	dt3	3	bcov_triticum_wgs	rhel	bamcoverage
4177.39	2288.38	5	dt3	3	bcov_triticum_wgs	rhel	bamcoverage
3690.33	2492.83	1	dt3	4	bcov_triticum_wgs	rhel	bamcoverage
3383.67	2570.93	2	dt3	4	bcov_triticum_wgs	rhel	bamcoverage
3976.31	2493.65	3	dt3	4	bcov_triticum_wgs	rhel	bamcoverage
3225.12	2618.06	4	dt3	4	bcov_triticum_wgs	rhel	bamcoverage
3548.95	2285.86	5	dt3	4	bcov_triticum_wgs	rhel	bamcoverage
2628.76	2548.51	1	dt3	5	bcov_triticum_wgs	rhel	bamcoverage
2669.81	2285.88	2	dt3	5	bcov_triticum_wgs	rhel	bamcoverage
2700.07	2398.42	3	dt3	5	bcov_triticum_wgs	rhel	bamcoverage
2945.12	2288.53	4	dt3	5	bcov_triticum_wgs	rhel	bamcoverage
2731.7	2284.43	5	dt3	5	bcov_triticum_wgs	rhel	bamcoverage
2447.71	2582.39	1	dt3	6	bcov_triticum_wgs	rhel	bamcoverage
2432.18	2288.78	2	dt3	6	bcov_triticum_wgs	rhel	bamcoverage
2706.31	2284.08	3	dt3	6	bcov_triticum_wgs	rhel	bamcoverage
2505.22	2489.22	4	dt3	6	bcov_triticum_wgs	rhel	bamcoverage
2607.56	2389.65	5	dt3	6	bcov_triticum_wgs	rhel	bamcoverage
2273.53	2476.11	1	dt3	7	bcov_triticum_wgs	rhel	bamcoverage
2534.51	2291.23	2	dt3	7	bcov_triticum_wgs	rhel	bamcoverage
2284.35	2285.93	3	dt3	7	bcov_triticum_wgs	rhel	bamcoverage
2250.17	2286.23	4	dt3	7	bcov_triticum_wgs	rhel	bamcoverage
2566.97	2580.91	5	dt3	7	bcov_triticum_wgs	rhel	bamcoverage
2395.88	2429.45	1	dt3	8	bcov_triticum_wgs	rhel	bamcoverage
2184.0	2454.16	2	dt3	8	bcov_triticum_wgs	rhel	bamcoverage
2410.68	2624.73	3	dt3	8	bcov_triticum_wgs	rhel	bamcoverage
2406.31	2287.51	4	dt3	8	bcov_triticum_wgs	rhel	bamcoverage
2326.49	2582.14	5	dt3	8	bcov_triticum_wgs	rhel	bamcoverage
2226.32	2286.19	1	dt3	9	bcov_triticum_wgs	rhel	bamcoverage
2136.56	2273.73	2	dt3	9	bcov_triticum_wgs	rhel	bamcoverage
2182.85	2478.3	3	dt3	9	bcov_triticum_wgs	rhel	bamcoverage
2135.03	2286.27	4	dt3	9	bcov_triticum_wgs	rhel	bamcoverage
2160.62	2323.62	5	dt3	9	bcov_triticum_wgs	rhel	bamcoverage
2049.91	2626.0	1	dt3	10	bcov_triticum_wgs	rhel	bamcoverage
2017.2	2504.67	2	dt3	10	bcov_triticum_wgs	rhel	bamcoverage
2152.4	2413.11	3	dt3	10	bcov_triticum_wgs	rhel	bamcoverage
2063.02	2483.55	4	dt3	10	bcov_triticum_wgs	rhel	bamcoverage
2209.41	2285.86	5	dt3	10	bcov_triticum_wgs	rhel	bamcoverage
2126.02	2412.64	1	dt3	11	bcov_triticum_wgs	rhel	bamcoverage
2098.22	2417.24	2	dt3	11	bcov_triticum_wgs	rhel	bamcoverage
2164.98	2287.0	3	dt3	11	bcov_triticum_wgs	rhel	bamcoverage
2305.26	2419.39	4	dt3	11	bcov_triticum_wgs	rhel	bamcoverage
2087.04	2566.02	5	dt3	11	bcov_triticum_wgs	rhel	bamcoverage
2047.35	2287.15	1	dt3	12	bcov_triticum_wgs	rhel	bamcoverage
2003.89	2434.85	2	dt3	12	bcov_triticum_wgs	rhel	bamcoverage
1997.26	2577.09	3	dt3	12	bcov_triticum_wgs	rhel	bamcoverage
1992.06	2583.51	4	dt3	12	bcov_triticum_wgs	rhel	bamcoverage
2020.61	2329.01	5	dt3	12	bcov_triticum_wgs	rhel	bamcoverage
1990.4	2467.02	1	dt3	13	bcov_triticum_wgs	rhel	bamcoverage
1990.42	2286.09	2	dt3	13	bcov_triticum_wgs	rhel	bamcoverage
1932.14	2413.83	3	dt3	13	bcov_triticum_wgs	rhel	bamcoverage
1931.66	2583.62	4	dt3	13	bcov_triticum_wgs	rhel	bamcoverage
1997.84	2583.7	5	dt3	13	bcov_triticum_wgs	rhel	bamcoverage
1994.56	2573.09	1	dt3	14	bcov_triticum_wgs	rhel	bamcoverage
1882.86	2479.69	2	dt3	14	bcov_triticum_wgs	rhel	bamcoverage
1963.85	2518.37	3	dt3	14	bcov_triticum_wgs	rhel	bamcoverage
1860.02	2289.0	4	dt3	14	bcov_triticum_wgs	rhel	bamcoverage
2019.49	2611.59	5	dt3	14	bcov_triticum_wgs	rhel	bamcoverage
1930.74	2594.44	1	dt3	15	bcov_triticum_wgs	rhel	bamcoverage
1871.35	2589.82	2	dt3	15	bcov_triticum_wgs	rhel	bamcoverage
1942.38	2492.83	3	dt3	15	bcov_triticum_wgs	rhel	bamcoverage
1811.7	2581.68	4	dt3	15	bcov_triticum_wgs	rhel	bamcoverage
1776.89	2509.01	5	dt3	15	bcov_triticum_wgs	rhel	bamcoverage
1869.52	2604.57	1	dt3	16	bcov_triticum_wgs	rhel	bamcoverage
1860.16	2616.56	2	dt3	16	bcov_triticum_wgs	rhel	bamcoverage
1738.89	2665.8	3	dt3	16	bcov_triticum_wgs	rhel	bamcoverage
1734.36	2663.52	4	dt3	16	bcov_triticum_wgs	rhel	bamcoverage
1827.13	2611.59	5	dt3	16	bcov_triticum_wgs	rhel	bamcoverage
1856.02	2784.1	1	dt3	17	bcov_triticum_wgs	rhel	bamcoverage
1781.19	2802.1	2	dt3	17	bcov_triticum_wgs	rhel	bamcoverage
1854.8	2835.16	3	dt3	17	bcov_triticum_wgs	rhel	bamcoverage
1785.91	2863.45	4	dt3	17	bcov_triticum_wgs	rhel	bamcoverage
1775.06	2775.41	5	dt3	17	bcov_triticum_wgs	rhel	bamcoverage
1778.13	2948.16	1	dt3	18	bcov_triticum_wgs	rhel	bamcoverage
1796.7	2890.61	2	dt3	18	bcov_triticum_wgs	rhel	bamcoverage
1806.21	2907.75	3	dt3	18	bcov_triticum_wgs	rhel	bamcoverage
1759.75	2940.8	4	dt3	18	bcov_triticum_wgs	rhel	bamcoverage
1745.61	2971.98	5	dt3	18	bcov_triticum_wgs	rhel	bamcoverage
1746.81	3130.56	1	dt3	19	bcov_triticum_wgs	rhel	bamcoverage
1678.41	3119.12	2	dt3	19	bcov_triticum_wgs	rhel	bamcoverage
1768.11	3022.05	3	dt3	19	bcov_triticum_wgs	rhel	bamcoverage
1864.12	3104.26	4	dt3	19	bcov_triticum_wgs	rhel	bamcoverage
1686.45	3029.12	5	dt3	19	bcov_triticum_wgs	rhel	bamcoverage
1785.57	3200.28	1	dt3	20	bcov_triticum_wgs	rhel	bamcoverage
1726.07	3223.55	2	dt3	20	bcov_triticum_wgs	rhel	bamcoverage
1742.0	3264.66	3	dt3	20	bcov_triticum_wgs	rhel	bamcoverage
1745.35	3180.75	4	dt3	20	bcov_triticum_wgs	rhel	bamcoverage
1706.18	3214.45	5	dt3	20	bcov_triticum_wgs	rhel	bamcoverage
979.06	5829.65	1	dt4	1	bcom_human_chip	rhel	bamcompare
987.42	5502.27	2	dt4	1	bcom_human_chip	rhel	bamcompare
994.62	5422.07	3	dt4	1	bcom_human_chip	rhel	bamcompare
1015.56	5487.8	4	dt4	1	bcom_human_chip	rhel	bamcompare
980.2	5545.82	5	dt4	1	bcom_human_chip	rhel	bamcompare
643.0	5470.11	1	dt4	2	bcom_human_chip	rhel	bamcompare
652.59	5904.56	2	dt4	2	bcom_human_chip	rhel	bamcompare
641.47	5537.02	3	dt4	2	bcom_human_chip	rhel	bamcompare
768.51	5521.82	4	dt4	2	bcom_human_chip	rhel	bamcompare
664.03	5497.23	5	dt4	2	bcom_human_chip	rhel	bamcompare
503.44	5493.91	1	dt4	3	bcom_human_chip	rhel	bamcompare
550.82	5917.14	2	dt4	3	bcom_human_chip	rhel	bamcompare
753.46	6010.21	3	dt4	3	bcom_human_chip	rhel	bamcompare
503.02	5416.57	4	dt4	3	bcom_human_chip	rhel	bamcompare
539.58	5726.3	5	dt4	3	bcom_human_chip	rhel	bamcompare
465.35	5605.05	1	dt4	4	bcom_human_chip	rhel	bamcompare
349.28	5499.66	2	dt4	4	bcom_human_chip	rhel	bamcompare
388.21	5749.43	3	dt4	4	bcom_human_chip	rhel	bamcompare
377.18	5899.01	4	dt4	4	bcom_human_chip	rhel	bamcompare
343.89	5539.43	5	dt4	4	bcom_human_chip	rhel	bamcompare
295.89	5844.76	1	dt4	5	bcom_human_chip	rhel	bamcompare
295.3	5994.78	2	dt4	5	bcom_human_chip	rhel	bamcompare
293.05	6151.63	3	dt4	5	bcom_human_chip	rhel	bamcompare
301.26	6159.2	4	dt4	5	bcom_human_chip	rhel	bamcompare
364.09	6026.75	5	dt4	5	bcom_human_chip	rhel	bamcompare
374.39	5811.0	1	dt4	6	bcom_human_chip	rhel	bamcompare
285.98	6134.88	2	dt4	6	bcom_human_chip	rhel	bamcompare
288.14	6113.4	3	dt4	6	bcom_human_chip	rhel	bamcompare
288.08	6153.12	4	dt4	6	bcom_human_chip	rhel	bamcompare
297.41	6178.68	5	dt4	6	bcom_human_chip	rhel	bamcompare
301.9	6267.09	1	dt4	7	bcom_human_chip	rhel	bamcompare
292.6	6141.58	2	dt4	7	bcom_human_chip	rhel	bamcompare
315.41	5904.67	3	dt4	7	bcom_human_chip	rhel	bamcompare
333.02	5828.74	4	dt4	7	bcom_human_chip	rhel	bamcompare
306.98	5895.54	5	dt4	7	bcom_human_chip	rhel	bamcompare
288.64	5867.06	1	dt4	8	bcom_human_chip	rhel	bamcompare
327.0	6115.46	2	dt4	8	bcom_human_chip	rhel	bamcompare
251.1	5751.76	3	dt4	8	bcom_human_chip	rhel	bamcompare
284.51	6018.03	4	dt4	8	bcom_human_chip	rhel	bamcompare
276.17	5935.08	5	dt4	8	bcom_human_chip	rhel	bamcompare
249.73	6341.6	1	dt4	9	bcom_human_chip	rhel	bamcompare
249.13	5927.77	2	dt4	9	bcom_human_chip	rhel	bamcompare
273.36	6085.19	3	dt4	9	bcom_human_chip	rhel	bamcompare
235.74	6135.85	4	dt4	9	bcom_human_chip	rhel	bamcompare
281.18	6295.57	5	dt4	9	bcom_human_chip	rhel	bamcompare
274.63	6372.42	1	dt4	10	bcom_human_chip	rhel	bamcompare
314.85	6104.68	2	dt4	10	bcom_human_chip	rhel	bamcompare
274.66	6109.8	3	dt4	10	bcom_human_chip	rhel	bamcompare
263.14	6183.94	4	dt4	10	bcom_human_chip	rhel	bamcompare
305.7	6455.17	5	dt4	10	bcom_human_chip	rhel	bamcompare
247.78	5735.52	1	dt4	11	bcom_human_chip	rhel	bamcompare
234.51	6480.05	2	dt4	11	bcom_human_chip	rhel	bamcompare
231.75	6386.58	3	dt4	11	bcom_human_chip	rhel	bamcompare
233.89	6238.66	4	dt4	11	bcom_human_chip	rhel	bamcompare
257.41	6108.98	5	dt4	11	bcom_human_chip	rhel	bamcompare
242.78	6286.9	1	dt4	12	bcom_human_chip	rhel	bamcompare
222.87	6150.36	2	dt4	12	bcom_human_chip	rhel	bamcompare
257.41	6387.57	3	dt4	12	bcom_human_chip	rhel	bamcompare
242.38	6211.5	4	dt4	12	bcom_human_chip	rhel	bamcompare
225.31	7010.55	5	dt4	12	bcom_human_chip	rhel	bamcompare
238.09	6147.51	1	dt4	13	bcom_human_chip	rhel	bamcompare
239.57	6502.29	2	dt4	13	bcom_human_chip	rhel	bamcompare
300.98	6254.33	3	dt4	13	bcom_human_chip	rhel	bamcompare
238.45	6539.94	4	dt4	13	bcom_human_chip	rhel	bamcompare
213.03	6674.72	5	dt4	13	bcom_human_chip	rhel	bamcompare
288.02	6413.86	1	dt4	14	bcom_human_chip	rhel	bamcompare
260.88	5990.59	2	dt4	14	bcom_human_chip	rhel	bamcompare
236.6	6264.8	3	dt4	14	bcom_human_chip	rhel	bamcompare
255.17	6303.26	4	dt4	14	bcom_human_chip	rhel	bamcompare
253.73	6437.12	5	dt4	14	bcom_human_chip	rhel	bamcompare
217.49	6341.8	1	dt4	15	bcom_human_chip	rhel	bamcompare
219.95	6332.71	2	dt4	15	bcom_human_chip	rhel	bamcompare
219.2	6469.11	3	dt4	15	bcom_human_chip	rhel	bamcompare
253.52	6147.64	4	dt4	15	bcom_human_chip	rhel	bamcompare
247.94	7413.43	5	dt4	15	bcom_human_chip	rhel	bamcompare
204.05	6370.91	1	dt4	16	bcom_human_chip	rhel	bamcompare
207.79	6732.97	2	dt4	16	bcom_human_chip	rhel	bamcompare
264.89	6627.14	3	dt4	16	bcom_human_chip	rhel	bamcompare
228.63	6608.77	4	dt4	16	bcom_human_chip	rhel	bamcompare
210.81	6376.19	5	dt4	16	bcom_human_chip	rhel	bamcompare
280.78	7732.63	1	dt4	17	bcom_human_chip	rhel	bamcompare
217.22	6622.07	2	dt4	17	bcom_human_chip	rhel	bamcompare
264.77	6804.73	3	dt4	17	bcom_human_chip	rhel	bamcompare
236.18	7085.87	4	dt4	17	bcom_human_chip	rhel	bamcompare
211.9	6760.46	5	dt4	17	bcom_human_chip	rhel	bamcompare
301.37	6387.4	1	dt4	18	bcom_human_chip	rhel	bamcompare
207.93	6396.92	2	dt4	18	bcom_human_chip	rhel	bamcompare
207.47	6641.92	3	dt4	18	bcom_human_chip	rhel	bamcompare
202.77	7102.09	4	dt4	18	bcom_human_chip	rhel	bamcompare
204.99	6732.17	5	dt4	18	bcom_human_chip	rhel	bamcompare
215.96	6615.66	1	dt4	19	bcom_human_chip	rhel	bamcompare
230.93	6496.07	2	dt4	19	bcom_human_chip	rhel	bamcompare
253.85	6664.34	3	dt4	19	bcom_human_chip	rhel	bamcompare
210.99	6774.96	4	dt4	19	bcom_human_chip	rhel	bamcompare
188.57	6860.23	5	dt4	19	bcom_human_chip	rhel	bamcompare
204.05	6714.94	1	dt4	20	bcom_human_chip	rhel	bamcompare
207.2	6611.95	2	dt4	20	bcom_human_chip	rhel	bamcompare
196.87	6761.88	3	dt4	20	bcom_human_chip	rhel	bamcompare
212.53	6023.61	4	dt4	20	bcom_human_chip	rhel	bamcompare
236.38	6818.27	5	dt4	20	bcom_human_chip	rhel	bamcompare
2104.82	7471.71	1	dt4	1	bcom_triticum_chip	rhel	bamcompare
2095.19	6373.95	2	dt4	1	bcom_triticum_chip	rhel	bamcompare
2115.33	7790.31	3	dt4	1	bcom_triticum_chip	rhel	bamcompare
2090.82	6383.83	4	dt4	1	bcom_triticum_chip	rhel	bamcompare
2102.52	6637.71	5	dt4	1	bcom_triticum_chip	rhel	bamcompare
1703.33	6435.94	1	dt4	2	bcom_triticum_chip	rhel	bamcompare
1287.98	6689.5	2	dt4	2	bcom_triticum_chip	rhel	bamcompare
1869.03	7442.05	3	dt4	2	bcom_triticum_chip	rhel	bamcompare
1411.29	6362.56	4	dt4	2	bcom_triticum_chip	rhel	bamcompare
1344.43	7326.68	5	dt4	2	bcom_triticum_chip	rhel	bamcompare
1452.59	9507.3	1	dt4	3	bcom_triticum_chip	rhel	bamcompare
1234.55	7050.04	2	dt4	3	bcom_triticum_chip	rhel	bamcompare
1706.18	6559.77	3	dt4	3	bcom_triticum_chip	rhel	bamcompare
1482.31	9467.62	4	dt4	3	bcom_triticum_chip	rhel	bamcompare
1516.88	6475.76	5	dt4	3	bcom_triticum_chip	rhel	bamcompare
1211.69	7100.92	1	dt4	4	bcom_triticum_chip	rhel	bamcompare
1502.19	7005.95	2	dt4	4	bcom_triticum_chip	rhel	bamcompare
1179.45	8589.13	3	dt4	4	bcom_triticum_chip	rhel	bamcompare
979.82	8323.98	4	dt4	4	bcom_triticum_chip	rhel	bamcompare
949.96	7776.93	5	dt4	4	bcom_triticum_chip	rhel	bamcompare
1079.56	10549.25	1	dt4	5	bcom_triticum_chip	rhel	bamcompare
866.81	7033.32	2	dt4	5	bcom_triticum_chip	rhel	bamcompare
950.82	8407.99	3	dt4	5	bcom_triticum_chip	rhel	bamcompare
926.02	8944.86	4	dt4	5	bcom_triticum_chip	rhel	bamcompare
888.82	7115.07	5	dt4	5	bcom_triticum_chip	rhel	bamcompare
842.37	7095.57	1	dt4	6	bcom_triticum_chip	rhel	bamcompare
1091.38	10151.82	2	dt4	6	bcom_triticum_chip	rhel	bamcompare
802.62	7943.63	3	dt4	6	bcom_triticum_chip	rhel	bamcompare
862.5	8971.98	4	dt4	6	bcom_triticum_chip	rhel	bamcompare
867.54	7463.97	5	dt4	6	bcom_triticum_chip	rhel	bamcompare
821.1	8467.24	1	dt4	7	bcom_triticum_chip	rhel	bamcompare
875.53	11454.88	2	dt4	7	bcom_triticum_chip	rhel	bamcompare
780.21	8696.88	3	dt4	7	bcom_triticum_chip	rhel	bamcompare
920.18	7419.43	4	dt4	7	bcom_triticum_chip	rhel	bamcompare
919.71	7285.07	5	dt4	7	bcom_triticum_chip	rhel	bamcompare
754.94	9029.73	1	dt4	8	bcom_triticum_chip	rhel	bamcompare
736.33	9533.75	2	dt4	8	bcom_triticum_chip	rhel	bamcompare
889.6	7707.64	3	dt4	8	bcom_triticum_chip	rhel	bamcompare
841.23	10157.93	4	dt4	8	bcom_triticum_chip	rhel	bamcompare
894.17	7448.98	5	dt4	8	bcom_triticum_chip	rhel	bamcompare
1072.07	8067.29	1	dt4	9	bcom_triticum_chip	rhel	bamcompare
761.67	12249.84	2	dt4	9	bcom_triticum_chip	rhel	bamcompare
760.34	11265.89	3	dt4	9	bcom_triticum_chip	rhel	bamcompare
1057.36	7779.39	4	dt4	9	bcom_triticum_chip	rhel	bamcompare
948.67	9880.88	5	dt4	9	bcom_triticum_chip	rhel	bamcompare
784.54	9013.96	1	dt4	10	bcom_triticum_chip	rhel	bamcompare
766.32	9701.07	2	dt4	10	bcom_triticum_chip	rhel	bamcompare
1054.04	8801.74	3	dt4	10	bcom_triticum_chip	rhel	bamcompare
745.45	9740.07	4	dt4	10	bcom_triticum_chip	rhel	bamcompare
834.37	10859.29	5	dt4	10	bcom_triticum_chip	rhel	bamcompare
708.29	9275.17	1	dt4	11	bcom_triticum_chip	rhel	bamcompare
826.97	8217.37	2	dt4	11	bcom_triticum_chip	rhel	bamcompare
878.43	10183.82	3	dt4	11	bcom_triticum_chip	rhel	bamcompare
731.44	9058.37	4	dt4	11	bcom_triticum_chip	rhel	bamcompare
827.79	9739.87	5	dt4	11	bcom_triticum_chip	rhel	bamcompare
759.2	8963.07	1	dt4	12	bcom_triticum_chip	rhel	bamcompare
703.33	12316.21	2	dt4	12	bcom_triticum_chip	rhel	bamcompare
762.15	10657.71	3	dt4	12	bcom_triticum_chip	rhel	bamcompare
673.98	11872.06	4	dt4	12	bcom_triticum_chip	rhel	bamcompare
701.5	9483.73	5	dt4	12	bcom_triticum_chip	rhel	bamcompare
858.71	11442.46	1	dt4	13	bcom_triticum_chip	rhel	bamcompare
819.45	12075.79	2	dt4	13	bcom_triticum_chip	rhel	bamcompare
963.14	12139.88	3	dt4	13	bcom_triticum_chip	rhel	bamcompare
735.79	11107.76	4	dt4	13	bcom_triticum_chip	rhel	bamcompare
913.03	11584.99	5	dt4	13	bcom_triticum_chip	rhel	bamcompare
858.37	8940.26	1	dt4	14	bcom_triticum_chip	rhel	bamcompare
717.82	10113.02	2	dt4	14	bcom_triticum_chip	rhel	bamcompare
766.1	12848.62	3	dt4	14	bcom_triticum_chip	rhel	bamcompare
724.64	11529.05	4	dt4	14	bcom_triticum_chip	rhel	bamcompare
768.45	12672.66	5	dt4	14	bcom_triticum_chip	rhel	bamcompare
939.9	10221.44	1	dt4	15	bcom_triticum_chip	rhel	bamcompare
797.43	11686.86	2	dt4	15	bcom_triticum_chip	rhel	bamcompare
750.27	13495.25	3	dt4	15	bcom_triticum_chip	rhel	bamcompare
789.61	12605.76	4	dt4	15	bcom_triticum_chip	rhel	bamcompare
710.61	12253.27	5	dt4	15	bcom_triticum_chip	rhel	bamcompare
766.63	14966.21	1	dt4	16	bcom_triticum_chip	rhel	bamcompare
728.51	12796.38	2	dt4	16	bcom_triticum_chip	rhel	bamcompare
808.46	13687.08	3	dt4	16	bcom_triticum_chip	rhel	bamcompare
670.89	11586.23	4	dt4	16	bcom_triticum_chip	rhel	bamcompare
734.58	12025.41	5	dt4	16	bcom_triticum_chip	rhel	bamcompare
919.73	10117.73	1	dt4	17	bcom_triticum_chip	rhel	bamcompare
935.4	12142.12	2	dt4	17	bcom_triticum_chip	rhel	bamcompare
696.07	11231.87	3	dt4	17	bcom_triticum_chip	rhel	bamcompare
683.66	11886.84	4	dt4	17	bcom_triticum_chip	rhel	bamcompare
693.28	11040.26	5	dt4	17	bcom_triticum_chip	rhel	bamcompare
734.83	11216.7	1	dt4	18	bcom_triticum_chip	rhel	bamcompare
855.53	9988.12	2	dt4	18	bcom_triticum_chip	rhel	bamcompare
966.08	17892.86	3	dt4	18	bcom_triticum_chip	rhel	bamcompare
685.28	13098.97	4	dt4	18	bcom_triticum_chip	rhel	bamcompare
779.97	10373.72	5	dt4	18	bcom_triticum_chip	rhel	bamcompare
757.21	10937.91	1	dt4	19	bcom_triticum_chip	rhel	bamcompare
810.81	11705.82	2	dt4	19	bcom_triticum_chip	rhel	bamcompare
678.13	15468.45	3	dt4	19	bcom_triticum_chip	rhel	bamcompare
697.89	11776.14	4	dt4	19	bcom_triticum_chip	rhel	bamcompare
665.04	18874.75	5	dt4	19	bcom_triticum_chip	rhel	bamcompare
812.52	12562.38	1	dt4	20	bcom_triticum_chip	rhel	bamcompare
660.51	15133.72	2	dt4	20	bcom_triticum_chip	rhel	bamcompare
677.09	14480.48	3	dt4	20	bcom_triticum_chip	rhel	bamcompare
673.27	15003.58	4	dt4	20	bcom_triticum_chip	rhel	bamcompare
672.02	11502.33	5	dt4	20	bcom_triticum_chip	rhel	bamcompare
5290.07	762.89	1	dt3	1	bcom_human_chip	rhel	bamcompare
5334.65	793.21	2	dt3	1	bcom_human_chip	rhel	bamcompare
5287.74	759.31	3	dt3	1	bcom_human_chip	rhel	bamcompare
5290.05	759.58	4	dt3	1	bcom_human_chip	rhel	bamcompare
5323.23	759.15	5	dt3	1	bcom_human_chip	rhel	bamcompare
2888.03	752.81	1	dt3	2	bcom_human_chip	rhel	bamcompare
2903.2	776.96	2	dt3	2	bcom_human_chip	rhel	bamcompare
2903.53	771.27	3	dt3	2	bcom_human_chip	rhel	bamcompare
2907.64	752.47	4	dt3	2	bcom_human_chip	rhel	bamcompare
2932.2	778.87	5	dt3	2	bcom_human_chip	rhel	bamcompare
2346.93	752.09	1	dt3	3	bcom_human_chip	rhel	bamcompare
2912.1	753.23	2	dt3	3	bcom_human_chip	rhel	bamcompare
2471.41	756.49	3	dt3	3	bcom_human_chip	rhel	bamcompare
2285.71	755.28	4	dt3	3	bcom_human_chip	rhel	bamcompare
2103.1	753.67	5	dt3	3	bcom_human_chip	rhel	bamcompare
1903.52	747.62	1	dt3	4	bcom_human_chip	rhel	bamcompare
1883.2	752.83	2	dt3	4	bcom_human_chip	rhel	bamcompare
2286.96	754.28	3	dt3	4	bcom_human_chip	rhel	bamcompare
1644.51	750.66	4	dt3	4	bcom_human_chip	rhel	bamcompare
1677.17	751.2	5	dt3	4	bcom_human_chip	rhel	bamcompare
1649.66	756.68	1	dt3	5	bcom_human_chip	rhel	bamcompare
1401.77	767.75	2	dt3	5	bcom_human_chip	rhel	bamcompare
1373.08	753.9	3	dt3	5	bcom_human_chip	rhel	bamcompare
1435.34	754.34	4	dt3	5	bcom_human_chip	rhel	bamcompare
1960.18	752.86	5	dt3	5	bcom_human_chip	rhel	bamcompare
1461.24	752.58	1	dt3	6	bcom_human_chip	rhel	bamcompare
1242.34	752.08	2	dt3	6	bcom_human_chip	rhel	bamcompare
1671.4	781.83	3	dt3	6	bcom_human_chip	rhel	bamcompare
1428.6	769.15	4	dt3	6	bcom_human_chip	rhel	bamcompare
1213.43	751.61	5	dt3	6	bcom_human_chip	rhel	bamcompare
1127.71	869.79	1	dt3	7	bcom_human_chip	rhel	bamcompare
1283.15	844.23	2	dt3	7	bcom_human_chip	rhel	bamcompare
1318.56	865.17	3	dt3	7	bcom_human_chip	rhel	bamcompare
1334.18	871.68	4	dt3	7	bcom_human_chip	rhel	bamcompare
1437.13	875.33	5	dt3	7	bcom_human_chip	rhel	bamcompare
1136.98	945.43	1	dt3	8	bcom_human_chip	rhel	bamcompare
1049.91	983.96	2	dt3	8	bcom_human_chip	rhel	bamcompare
1035.28	982.86	3	dt3	8	bcom_human_chip	rhel	bamcompare
1067.83	969.45	4	dt3	8	bcom_human_chip	rhel	bamcompare
1235.18	962.91	5	dt3	8	bcom_human_chip	rhel	bamcompare
1013.41	1099.33	1	dt3	9	bcom_human_chip	rhel	bamcompare
1002.69	1088.95	2	dt3	9	bcom_human_chip	rhel	bamcompare
1047.43	1081.58	3	dt3	9	bcom_human_chip	rhel	bamcompare
1062.69	1098.3	4	dt3	9	bcom_human_chip	rhel	bamcompare
1064.53	1102.55	5	dt3	9	bcom_human_chip	rhel	bamcompare
956.25	1198.58	1	dt3	10	bcom_human_chip	rhel	bamcompare
1142.04	1207.67	2	dt3	10	bcom_human_chip	rhel	bamcompare
971.87	1174.98	3	dt3	10	bcom_human_chip	rhel	bamcompare
1039.03	1178.25	4	dt3	10	bcom_human_chip	rhel	bamcompare
955.91	1281.38	5	dt3	10	bcom_human_chip	rhel	bamcompare
955.01	1298.86	1	dt3	11	bcom_human_chip	rhel	bamcompare
875.08	1320.23	2	dt3	11	bcom_human_chip	rhel	bamcompare
988.95	1270.77	3	dt3	11	bcom_human_chip	rhel	bamcompare
920.79	1314.79	4	dt3	11	bcom_human_chip	rhel	bamcompare
916.79	1330.38	5	dt3	11	bcom_human_chip	rhel	bamcompare
894.42	1437.33	1	dt3	12	bcom_human_chip	rhel	bamcompare
854.68	1403.77	2	dt3	12	bcom_human_chip	rhel	bamcompare
970.95	1432.02	3	dt3	12	bcom_human_chip	rhel	bamcompare
926.37	1413.53	4	dt3	12	bcom_human_chip	rhel	bamcompare
877.01	1428.68	5	dt3	12	bcom_human_chip	rhel	bamcompare
915.37	1525.32	1	dt3	13	bcom_human_chip	rhel	bamcompare
852.83	1532.95	2	dt3	13	bcom_human_chip	rhel	bamcompare
873.11	1540.55	3	dt3	13	bcom_human_chip	rhel	bamcompare
801.73	1538.43	4	dt3	13	bcom_human_chip	rhel	bamcompare
949.39	1525.9	5	dt3	13	bcom_human_chip	rhel	bamcompare
767.5	1658.61	1	dt3	14	bcom_human_chip	rhel	bamcompare
776.65	1594.15	2	dt3	14	bcom_human_chip	rhel	bamcompare
792.15	1628.63	3	dt3	14	bcom_human_chip	rhel	bamcompare
829.75	1634.91	4	dt3	14	bcom_human_chip	rhel	bamcompare
797.98	1618.12	5	dt3	14	bcom_human_chip	rhel	bamcompare
751.94	1738.45	1	dt3	15	bcom_human_chip	rhel	bamcompare
913.08	1725.67	2	dt3	15	bcom_human_chip	rhel	bamcompare
843.76	1705.68	3	dt3	15	bcom_human_chip	rhel	bamcompare
835.74	1710.18	4	dt3	15	bcom_human_chip	rhel	bamcompare
768.95	1721.14	5	dt3	15	bcom_human_chip	rhel	bamcompare
774.17	1856.02	1	dt3	16	bcom_human_chip	rhel	bamcompare
914.32	1849.61	2	dt3	16	bcom_human_chip	rhel	bamcompare
836.97	1846.8	3	dt3	16	bcom_human_chip	rhel	bamcompare
845.75	1879.36	4	dt3	16	bcom_human_chip	rhel	bamcompare
708.51	1870.64	5	dt3	16	bcom_human_chip	rhel	bamcompare
685.94	1969.3	1	dt3	17	bcom_human_chip	rhel	bamcompare
746.36	1948.09	2	dt3	17	bcom_human_chip	rhel	bamcompare
679.84	1957.71	3	dt3	17	bcom_human_chip	rhel	bamcompare
772.7	1955.74	4	dt3	17	bcom_human_chip	rhel	bamcompare
687.6	1963.91	5	dt3	17	bcom_human_chip	rhel	bamcompare
808.77	2054.54	1	dt3	18	bcom_human_chip	rhel	bamcompare
786.63	2053.58	2	dt3	18	bcom_human_chip	rhel	bamcompare
698.69	2063.54	3	dt3	18	bcom_human_chip	rhel	bamcompare
730.63	2058.79	4	dt3	18	bcom_human_chip	rhel	bamcompare
771.9	2050.86	5	dt3	18	bcom_human_chip	rhel	bamcompare
711.55	2177.23	1	dt3	19	bcom_human_chip	rhel	bamcompare
749.51	2144.93	2	dt3	19	bcom_human_chip	rhel	bamcompare
791.67	2154.2	3	dt3	19	bcom_human_chip	rhel	bamcompare
715.43	2158.64	4	dt3	19	bcom_human_chip	rhel	bamcompare
753.01	2181.36	5	dt3	19	bcom_human_chip	rhel	bamcompare
661.74	2299.09	1	dt3	20	bcom_human_chip	rhel	bamcompare
674.2	2358.33	2	dt3	20	bcom_human_chip	rhel	bamcompare
660.38	2256.04	3	dt3	20	bcom_human_chip	rhel	bamcompare
722.39	2350.38	4	dt3	20	bcom_human_chip	rhel	bamcompare
670.05	2248.25	5	dt3	20	bcom_human_chip	rhel	bamcompare
11023.12	2374.23	1	dt3	1	bcom_triticum_chip	rhel	bamcompare
11217.25	2373.42	2	dt3	1	bcom_triticum_chip	rhel	bamcompare
10945.77	2373.39	3	dt3	1	bcom_triticum_chip	rhel	bamcompare
11268.79	2374.14	4	dt3	1	bcom_triticum_chip	rhel	bamcompare
10983.48	2665.99	5	dt3	1	bcom_triticum_chip	rhel	bamcompare
6327.16	2372.51	1	dt3	2	bcom_triticum_chip	rhel	bamcompare
9378.73	2375.46	2	dt3	2	bcom_triticum_chip	rhel	bamcompare
6441.26	2615.69	3	dt3	2	bcom_triticum_chip	rhel	bamcompare
7827.41	2567.46	4	dt3	2	bcom_triticum_chip	rhel	bamcompare
6305.7	2547.18	5	dt3	2	bcom_triticum_chip	rhel	bamcompare
5849.21	2670.77	1	dt3	3	bcom_triticum_chip	rhel	bamcompare
7585.33	2369.74	2	dt3	3	bcom_triticum_chip	rhel	bamcompare
5423.57	2711.16	3	dt3	3	bcom_triticum_chip	rhel	bamcompare
4704.05	2642.58	4	dt3	3	bcom_triticum_chip	rhel	bamcompare
4731.29	2696.17	5	dt3	3	bcom_triticum_chip	rhel	bamcompare
4497.93	2616.5	1	dt3	4	bcom_triticum_chip	rhel	bamcompare
4868.65	2539.3	2	dt3	4	bcom_triticum_chip	rhel	bamcompare
5152.95	2373.71	3	dt3	4	bcom_triticum_chip	rhel	bamcompare
3766.44	2722.69	4	dt3	4	bcom_triticum_chip	rhel	bamcompare
3837.48	2643.19	5	dt3	4	bcom_triticum_chip	rhel	bamcompare
3331.54	2523.11	1	dt3	5	bcom_triticum_chip	rhel	bamcompare
3701.74	2373.2	2	dt3	5	bcom_triticum_chip	rhel	bamcompare
3540.58	2548.58	3	dt3	5	bcom_triticum_chip	rhel	bamcompare
3247.83	2371.59	4	dt3	5	bcom_triticum_chip	rhel	bamcompare
3882.17	2539.41	5	dt3	5	bcom_triticum_chip	rhel	bamcompare
3735.17	2368.1	1	dt3	6	bcom_triticum_chip	rhel	bamcompare
2998.04	2684.48	2	dt3	6	bcom_triticum_chip	rhel	bamcompare
2965.46	2595.22	3	dt3	6	bcom_triticum_chip	rhel	bamcompare
3299.26	2372.0	4	dt3	6	bcom_triticum_chip	rhel	bamcompare
2950.31	2373.8	5	dt3	6	bcom_triticum_chip	rhel	bamcompare
3033.81	2370.64	1	dt3	7	bcom_triticum_chip	rhel	bamcompare
3103.11	2367.97	2	dt3	7	bcom_triticum_chip	rhel	bamcompare
2772.56	2582.29	3	dt3	7	bcom_triticum_chip	rhel	bamcompare
2689.87	2371.33	4	dt3	7	bcom_triticum_chip	rhel	bamcompare
3285.31	2374.02	5	dt3	7	bcom_triticum_chip	rhel	bamcompare
2851.37	2509.8	1	dt3	8	bcom_triticum_chip	rhel	bamcompare
2870.07	2644.11	2	dt3	8	bcom_triticum_chip	rhel	bamcompare
2662.62	2709.57	3	dt3	8	bcom_triticum_chip	rhel	bamcompare
2823.97	2367.5	4	dt3	8	bcom_triticum_chip	rhel	bamcompare
2905.45	2602.04	5	dt3	8	bcom_triticum_chip	rhel	bamcompare
2724.12	2659.62	1	dt3	9	bcom_triticum_chip	rhel	bamcompare
2808.37	2726.07	2	dt3	9	bcom_triticum_chip	rhel	bamcompare
2680.71	2372.91	3	dt3	9	bcom_triticum_chip	rhel	bamcompare
2738.7	2370.2	4	dt3	9	bcom_triticum_chip	rhel	bamcompare
2600.19	2652.23	5	dt3	9	bcom_triticum_chip	rhel	bamcompare
2349.79	2625.14	1	dt3	10	bcom_triticum_chip	rhel	bamcompare
2432.47	2370.45	2	dt3	10	bcom_triticum_chip	rhel	bamcompare
2839.39	2678.44	3	dt3	10	bcom_triticum_chip	rhel	bamcompare
2457.97	2365.69	4	dt3	10	bcom_triticum_chip	rhel	bamcompare
2725.8	2552.29	5	dt3	10	bcom_triticum_chip	rhel	bamcompare
2448.16	2653.11	1	dt3	11	bcom_triticum_chip	rhel	bamcompare
2324.93	2720.05	2	dt3	11	bcom_triticum_chip	rhel	bamcompare
2672.44	2556.18	3	dt3	11	bcom_triticum_chip	rhel	bamcompare
2382.24	2514.8	4	dt3	11	bcom_triticum_chip	rhel	bamcompare
2554.88	2530.11	5	dt3	11	bcom_triticum_chip	rhel	bamcompare
2175.13	2748.63	1	dt3	12	bcom_triticum_chip	rhel	bamcompare
2398.26	2710.02	2	dt3	12	bcom_triticum_chip	rhel	bamcompare
2456.26	2774.98	3	dt3	12	bcom_triticum_chip	rhel	bamcompare
2339.02	2765.05	4	dt3	12	bcom_triticum_chip	rhel	bamcompare
2209.9	2766.16	5	dt3	12	bcom_triticum_chip	rhel	bamcompare
2306.07	2939.41	1	dt3	13	bcom_triticum_chip	rhel	bamcompare
2178.17	2971.76	2	dt3	13	bcom_triticum_chip	rhel	bamcompare
2252.5	2952.46	3	dt3	13	bcom_triticum_chip	rhel	bamcompare
2262.39	3000.64	4	dt3	13	bcom_triticum_chip	rhel	bamcompare
2411.51	2960.98	5	dt3	13	bcom_triticum_chip	rhel	bamcompare
2177.46	3154.8	1	dt3	14	bcom_triticum_chip	rhel	bamcompare
2138.42	3188.12	2	dt3	14	bcom_triticum_chip	rhel	bamcompare
2039.79	3214.68	3	dt3	14	bcom_triticum_chip	rhel	bamcompare
2222.69	3236.55	4	dt3	14	bcom_triticum_chip	rhel	bamcompare
2068.28	3187.08	5	dt3	14	bcom_triticum_chip	rhel	bamcompare
2094.98	3441.75	1	dt3	15	bcom_triticum_chip	rhel	bamcompare
2020.99	3427.57	2	dt3	15	bcom_triticum_chip	rhel	bamcompare
2050.01	3419.66	3	dt3	15	bcom_triticum_chip	rhel	bamcompare
1979.81	3371.53	4	dt3	15	bcom_triticum_chip	rhel	bamcompare
2154.94	3410.66	5	dt3	15	bcom_triticum_chip	rhel	bamcompare
2073.12	3654.64	1	dt3	16	bcom_triticum_chip	rhel	bamcompare
2160.61	3614.75	2	dt3	16	bcom_triticum_chip	rhel	bamcompare
1975.14	3632.27	3	dt3	16	bcom_triticum_chip	rhel	bamcompare
2078.63	3619.96	4	dt3	16	bcom_triticum_chip	rhel	bamcompare
1917.42	3676.41	5	dt3	16	bcom_triticum_chip	rhel	bamcompare
2070.29	3888.53	1	dt3	17	bcom_triticum_chip	rhel	bamcompare
2108.16	3849.06	2	dt3	17	bcom_triticum_chip	rhel	bamcompare
2010.22	3842.92	3	dt3	17	bcom_triticum_chip	rhel	bamcompare
2004.16	3802.04	4	dt3	17	bcom_triticum_chip	rhel	bamcompare
2003.58	3878.89	5	dt3	17	bcom_triticum_chip	rhel	bamcompare
2041.59	4035.13	1	dt3	18	bcom_triticum_chip	rhel	bamcompare
1947.08	4100.08	2	dt3	18	bcom_triticum_chip	rhel	bamcompare
2198.46	4084.19	3	dt3	18	bcom_triticum_chip	rhel	bamcompare
1967.41	4032.79	4	dt3	18	bcom_triticum_chip	rhel	bamcompare
1940.87	4050.64	5	dt3	18	bcom_triticum_chip	rhel	bamcompare
1987.95	4306.42	1	dt3	19	bcom_triticum_chip	rhel	bamcompare
1941.03	4262.81	2	dt3	19	bcom_triticum_chip	rhel	bamcompare
1855.99	4244.68	3	dt3	19	bcom_triticum_chip	rhel	bamcompare
1977.48	4242.43	4	dt3	19	bcom_triticum_chip	rhel	bamcompare
1962.02	4292.93	5	dt3	19	bcom_triticum_chip	rhel	bamcompare
1923.33	4561.23	1	dt3	20	bcom_triticum_chip	rhel	bamcompare
1919.78	4507.47	2	dt3	20	bcom_triticum_chip	rhel	bamcompare
1916.76	4525.22	3	dt3	20	bcom_triticum_chip	rhel	bamcompare
1801.25	4483.18	4	dt3	20	bcom_triticum_chip	rhel	bamcompare
1947.21	4484.75	5	dt3	20	bcom_triticum_chip	rhel	bamcompare
939.82	87.71	1	dt4	1	mbs_human_3	rhel	multibamsummary
937.21	83.96	2	dt4	1	mbs_human_3	rhel	multibamsummary
936.52	87.82	3	dt4	1	mbs_human_3	rhel	multibamsummary
938.44	87.94	4	dt4	1	mbs_human_3	rhel	multibamsummary
968.97	90.0	5	dt4	1	mbs_human_3	rhel	multibamsummary
535.68	106.32	1	dt4	2	mbs_human_3	rhel	multibamsummary
564.39	107.29	2	dt4	2	mbs_human_3	rhel	multibamsummary
533.06	110.62	3	dt4	2	mbs_human_3	rhel	multibamsummary
530.96	107.5	4	dt4	2	mbs_human_3	rhel	multibamsummary
774.02	107.58	5	dt4	2	mbs_human_3	rhel	multibamsummary
524.28	130.71	1	dt4	3	mbs_human_3	rhel	multibamsummary
456.04	129.8	2	dt4	3	mbs_human_3	rhel	multibamsummary
375.41	133.98	3	dt4	3	mbs_human_3	rhel	multibamsummary
322.41	127.23	4	dt4	3	mbs_human_3	rhel	multibamsummary
504.53	131.58	5	dt4	3	mbs_human_3	rhel	multibamsummary
285.14	153.55	1	dt4	4	mbs_human_3	rhel	multibamsummary
276.53	152.85	2	dt4	4	mbs_human_3	rhel	multibamsummary
254.75	152.34	3	dt4	4	mbs_human_3	rhel	multibamsummary
386.0	153.82	4	dt4	4	mbs_human_3	rhel	multibamsummary
255.37	152.39	5	dt4	4	mbs_human_3	rhel	multibamsummary
225.79	167.31	1	dt4	5	mbs_human_3	rhel	multibamsummary
210.03	170.14	2	dt4	5	mbs_human_3	rhel	multibamsummary
203.89	176.19	3	dt4	5	mbs_human_3	rhel	multibamsummary
201.7	174.15	4	dt4	5	mbs_human_3	rhel	multibamsummary
278.51	173.84	5	dt4	5	mbs_human_3	rhel	multibamsummary
205.89	190.62	1	dt4	6	mbs_human_3	rhel	multibamsummary
213.32	195.59	2	dt4	6	mbs_human_3	rhel	multibamsummary
173.86	191.55	3	dt4	6	mbs_human_3	rhel	multibamsummary
182.51	189.02	4	dt4	6	mbs_human_3	rhel	multibamsummary
193.46	189.26	5	dt4	6	mbs_human_3	rhel	multibamsummary
185.07	208.26	1	dt4	7	mbs_human_3	rhel	multibamsummary
160.39	211.06	2	dt4	7	mbs_human_3	rhel	multibamsummary
155.32	207.4	3	dt4	7	mbs_human_3	rhel	multibamsummary
162.9	211.68	4	dt4	7	mbs_human_3	rhel	multibamsummary
153.15	203.41	5	dt4	7	mbs_human_3	rhel	multibamsummary
162.83	233.0	1	dt4	8	mbs_human_3	rhel	multibamsummary
132.81	233.59	2	dt4	8	mbs_human_3	rhel	multibamsummary
199.11	229.42	3	dt4	8	mbs_human_3	rhel	multibamsummary
178.09	230.16	4	dt4	8	mbs_human_3	rhel	multibamsummary
161.24	232.46	5	dt4	8	mbs_human_3	rhel	multibamsummary
151.62	239.57	1	dt4	9	mbs_human_3	rhel	multibamsummary
149.9	247.63	2	dt4	9	mbs_human_3	rhel	multibamsummary
127.54	249.55	3	dt4	9	mbs_human_3	rhel	multibamsummary
142.7	241.58	4	dt4	9	mbs_human_3	rhel	multibamsummary
117.93	247.33	5	dt4	9	mbs_human_3	rhel	multibamsummary
159.82	273.29	1	dt4	10	mbs_human_3	rhel	multibamsummary
144.33	275.4	2	dt4	10	mbs_human_3	rhel	multibamsummary
151.76	256.52	3	dt4	10	mbs_human_3	rhel	multibamsummary
134.78	269.28	4	dt4	10	mbs_human_3	rhel	multibamsummary
126.72	269.67	5	dt4	10	mbs_human_3	rhel	multibamsummary
126.46	290.49	1	dt4	11	mbs_human_3	rhel	multibamsummary
145.53	272.23	2	dt4	11	mbs_human_3	rhel	multibamsummary
123.14	273.56	3	dt4	11	mbs_human_3	rhel	multibamsummary
125.6	278.47	4	dt4	11	mbs_human_3	rhel	multibamsummary
110.49	273.92	5	dt4	11	mbs_human_3	rhel	multibamsummary
134.63	298.48	1	dt4	12	mbs_human_3	rhel	multibamsummary
146.4	304.26	2	dt4	12	mbs_human_3	rhel	multibamsummary
134.66	304.02	3	dt4	12	mbs_human_3	rhel	multibamsummary
133.31	297.55	4	dt4	12	mbs_human_3	rhel	multibamsummary
104.8	302.13	5	dt4	12	mbs_human_3	rhel	multibamsummary
120.23	299.63	1	dt4	13	mbs_human_3	rhel	multibamsummary
116.14	304.4	2	dt4	13	mbs_human_3	rhel	multibamsummary
105.52	308.22	3	dt4	13	mbs_human_3	rhel	multibamsummary
128.37	301.6	4	dt4	13	mbs_human_3	rhel	multibamsummary
92.31	312.04	5	dt4	13	mbs_human_3	rhel	multibamsummary
91.16	329.01	1	dt4	14	mbs_human_3	rhel	multibamsummary
97.34	311.64	2	dt4	14	mbs_human_3	rhel	multibamsummary
121.46	329.83	3	dt4	14	mbs_human_3	rhel	multibamsummary
115.39	337.58	4	dt4	14	mbs_human_3	rhel	multibamsummary
106.25	331.69	5	dt4	14	mbs_human_3	rhel	multibamsummary
112.04	332.62	1	dt4	15	mbs_human_3	rhel	multibamsummary
98.18	316.8	2	dt4	15	mbs_human_3	rhel	multibamsummary
105.29	331.52	3	dt4	15	mbs_human_3	rhel	multibamsummary
104.39	330.25	4	dt4	15	mbs_human_3	rhel	multibamsummary
88.13	346.17	5	dt4	15	mbs_human_3	rhel	multibamsummary
88.14	350.55	1	dt4	16	mbs_human_3	rhel	multibamsummary
108.33	381.99	2	dt4	16	mbs_human_3	rhel	multibamsummary
83.17	360.0	3	dt4	16	mbs_human_3	rhel	multibamsummary
104.81	356.6	4	dt4	16	mbs_human_3	rhel	multibamsummary
96.73	366.48	5	dt4	16	mbs_human_3	rhel	multibamsummary
86.64	387.48	1	dt4	17	mbs_human_3	rhel	multibamsummary
83.77	367.75	2	dt4	17	mbs_human_3	rhel	multibamsummary
86.78	354.21	3	dt4	17	mbs_human_3	rhel	multibamsummary
86.27	374.25	4	dt4	17	mbs_human_3	rhel	multibamsummary
85.53	369.89	5	dt4	17	mbs_human_3	rhel	multibamsummary
101.01	377.7	1	dt4	18	mbs_human_3	rhel	multibamsummary
79.71	386.54	2	dt4	18	mbs_human_3	rhel	multibamsummary
91.76	413.14	3	dt4	18	mbs_human_3	rhel	multibamsummary
100.9	387.62	4	dt4	18	mbs_human_3	rhel	multibamsummary
85.58	410.49	5	dt4	18	mbs_human_3	rhel	multibamsummary
75.66	391.61	1	dt4	19	mbs_human_3	rhel	multibamsummary
87.33	391.63	2	dt4	19	mbs_human_3	rhel	multibamsummary
82.01	415.62	3	dt4	19	mbs_human_3	rhel	multibamsummary
101.88	399.91	4	dt4	19	mbs_human_3	rhel	multibamsummary
88.86	412.55	5	dt4	19	mbs_human_3	rhel	multibamsummary
96.64	436.36	1	dt4	20	mbs_human_3	rhel	multibamsummary
89.43	409.53	2	dt4	20	mbs_human_3	rhel	multibamsummary
88.95	412.9	3	dt4	20	mbs_human_3	rhel	multibamsummary
94.44	421.41	4	dt4	20	mbs_human_3	rhel	multibamsummary
78.19	411.53	5	dt4	20	mbs_human_3	rhel	multibamsummary
4691.19	87.24	1	dt4	1	mbs_human_15	rhel	multibamsummary
4687.83	87.98	2	dt4	1	mbs_human_15	rhel	multibamsummary
4689.6	89.85	3	dt4	1	mbs_human_15	rhel	multibamsummary
4733.28	89.34	4	dt4	1	mbs_human_15	rhel	multibamsummary
4688.74	87.97	5	dt4	1	mbs_human_15	rhel	multibamsummary
2431.34	107.96	1	dt4	2	mbs_human_15	rhel	multibamsummary
3645.94	111.91	2	dt4	2	mbs_human_15	rhel	multibamsummary
2506.33	108.69	3	dt4	2	mbs_human_15	rhel	multibamsummary
2407.73	109.77	4	dt4	2	mbs_human_15	rhel	multibamsummary
2476.09	109.43	5	dt4	2	mbs_human_15	rhel	multibamsummary
1984.1	130.72	1	dt4	3	mbs_human_15	rhel	multibamsummary
1821.31	140.87	2	dt4	3	mbs_human_15	rhel	multibamsummary
2738.63	132.1	3	dt4	3	mbs_human_15	rhel	multibamsummary
1699.65	129.88	4	dt4	3	mbs_human_15	rhel	multibamsummary
1637.37	137.09	5	dt4	3	mbs_human_15	rhel	multibamsummary
1650.5	152.85	1	dt4	4	mbs_human_15	rhel	multibamsummary
1838.28	153.95	2	dt4	4	mbs_human_15	rhel	multibamsummary
1280.13	151.86	3	dt4	4	mbs_human_15	rhel	multibamsummary
1200.45	152.24	4	dt4	4	mbs_human_15	rhel	multibamsummary
1192.27	155.39	5	dt4	4	mbs_human_15	rhel	multibamsummary
1099.49	171.39	1	dt4	5	mbs_human_15	rhel	multibamsummary
1021.03	175.1	2	dt4	5	mbs_human_15	rhel	multibamsummary
992.71	174.7	3	dt4	5	mbs_human_15	rhel	multibamsummary
958.65	173.94	4	dt4	5	mbs_human_15	rhel	multibamsummary
1333.82	175.33	5	dt4	5	mbs_human_15	rhel	multibamsummary
959.54	191.62	1	dt4	6	mbs_human_15	rhel	multibamsummary
1003.28	192.56	2	dt4	6	mbs_human_15	rhel	multibamsummary
897.35	190.58	3	dt4	6	mbs_human_15	rhel	multibamsummary
814.55	199.72	4	dt4	6	mbs_human_15	rhel	multibamsummary
823.95	198.88	5	dt4	6	mbs_human_15	rhel	multibamsummary
759.45	217.63	1	dt4	7	mbs_human_15	rhel	multibamsummary
850.77	213.49	2	dt4	7	mbs_human_15	rhel	multibamsummary
823.23	214.07	3	dt4	7	mbs_human_15	rhel	multibamsummary
946.36	212.84	4	dt4	7	mbs_human_15	rhel	multibamsummary
773.12	212.43	5	dt4	7	mbs_human_15	rhel	multibamsummary
742.79	237.11	1	dt4	8	mbs_human_15	rhel	multibamsummary
690.94	240.85	2	dt4	8	mbs_human_15	rhel	multibamsummary
633.91	243.73	3	dt4	8	mbs_human_15	rhel	multibamsummary
747.93	235.84	4	dt4	8	mbs_human_15	rhel	multibamsummary
660.78	237.58	5	dt4	8	mbs_human_15	rhel	multibamsummary
637.7	261.12	1	dt4	9	mbs_human_15	rhel	multibamsummary
655.57	254.46	2	dt4	9	mbs_human_15	rhel	multibamsummary
661.94	253.13	3	dt4	9	mbs_human_15	rhel	multibamsummary
624.08	261.23	4	dt4	9	mbs_human_15	rhel	multibamsummary
590.4	261.11	5	dt4	9	mbs_human_15	rhel	multibamsummary
597.75	281.26	1	dt4	10	mbs_human_15	rhel	multibamsummary
659.11	284.14	2	dt4	10	mbs_human_15	rhel	multibamsummary
597.8	279.07	3	dt4	10	mbs_human_15	rhel	multibamsummary
580.06	281.9	4	dt4	10	mbs_human_15	rhel	multibamsummary
593.89	279.66	5	dt4	10	mbs_human_15	rhel	multibamsummary
531.32	304.96	1	dt4	11	mbs_human_15	rhel	multibamsummary
588.7	302.63	2	dt4	11	mbs_human_15	rhel	multibamsummary
557.91	294.89	3	dt4	11	mbs_human_15	rhel	multibamsummary
481.97	303.24	4	dt4	11	mbs_human_15	rhel	multibamsummary
512.43	302.95	5	dt4	11	mbs_human_15	rhel	multibamsummary
519.61	321.11	1	dt4	12	mbs_human_15	rhel	multibamsummary
455.24	320.45	2	dt4	12	mbs_human_15	rhel	multibamsummary
428.49	324.54	3	dt4	12	mbs_human_15	rhel	multibamsummary
549.8	328.56	4	dt4	12	mbs_human_15	rhel	multibamsummary
415.15	317.98	5	dt4	12	mbs_human_15	rhel	multibamsummary
465.74	339.88	1	dt4	13	mbs_human_15	rhel	multibamsummary
426.49	341.11	2	dt4	13	mbs_human_15	rhel	multibamsummary
424.12	335.63	3	dt4	13	mbs_human_15	rhel	multibamsummary
490.91	343.01	4	dt4	13	mbs_human_15	rhel	multibamsummary
432.42	344.7	5	dt4	13	mbs_human_15	rhel	multibamsummary
375.15	364.74	1	dt4	14	mbs_human_15	rhel	multibamsummary
486.95	369.12	2	dt4	14	mbs_human_15	rhel	multibamsummary
415.72	367.99	3	dt4	14	mbs_human_15	rhel	multibamsummary
388.61	355.29	4	dt4	14	mbs_human_15	rhel	multibamsummary
376.7	354.89	5	dt4	14	mbs_human_15	rhel	multibamsummary
354.71	380.93	1	dt4	15	mbs_human_15	rhel	multibamsummary
362.11	379.48	2	dt4	15	mbs_human_15	rhel	multibamsummary
359.64	387.68	3	dt4	15	mbs_human_15	rhel	multibamsummary
371.25	382.73	4	dt4	15	mbs_human_15	rhel	multibamsummary
398.28	384.51	5	dt4	15	mbs_human_15	rhel	multibamsummary
411.53	406.08	1	dt4	16	mbs_human_15	rhel	multibamsummary
351.48	401.27	2	dt4	16	mbs_human_15	rhel	multibamsummary
364.46	400.32	3	dt4	16	mbs_human_15	rhel	multibamsummary
328.94	399.64	4	dt4	16	mbs_human_15	rhel	multibamsummary
361.96	404.07	5	dt4	16	mbs_human_15	rhel	multibamsummary
358.55	425.15	1	dt4	17	mbs_human_15	rhel	multibamsummary
293.58	435.29	2	dt4	17	mbs_human_15	rhel	multibamsummary
347.39	437.68	3	dt4	17	mbs_human_15	rhel	multibamsummary
320.52	424.19	4	dt4	17	mbs_human_15	rhel	multibamsummary
323.54	420.53	5	dt4	17	mbs_human_15	rhel	multibamsummary
340.58	435.3	1	dt4	18	mbs_human_15	rhel	multibamsummary
368.56	451.89	2	dt4	18	mbs_human_15	rhel	multibamsummary
305.06	445.16	3	dt4	18	mbs_human_15	rhel	multibamsummary
315.61	432.59	4	dt4	18	mbs_human_15	rhel	multibamsummary
331.29	435.18	5	dt4	18	mbs_human_15	rhel	multibamsummary
315.64	462.1	1	dt4	19	mbs_human_15	rhel	multibamsummary
301.91	464.52	2	dt4	19	mbs_human_15	rhel	multibamsummary
307.78	463.2	3	dt4	19	mbs_human_15	rhel	multibamsummary
309.52	474.25	4	dt4	19	mbs_human_15	rhel	multibamsummary
306.99	465.33	5	dt4	19	mbs_human_15	rhel	multibamsummary
314.73	485.2	1	dt4	20	mbs_human_15	rhel	multibamsummary
334.06	497.74	2	dt4	20	mbs_human_15	rhel	multibamsummary
342.11	484.94	3	dt4	20	mbs_human_15	rhel	multibamsummary
300.22	489.88	4	dt4	20	mbs_human_15	rhel	multibamsummary
285.73	487.66	5	dt4	20	mbs_human_15	rhel	multibamsummary
1218.18	154.0	1	dt4	1	mbs_triticum_3	rhel	multibamsummary
1216.76	151.48	2	dt4	1	mbs_triticum_3	rhel	multibamsummary
1215.64	153.44	3	dt4	1	mbs_triticum_3	rhel	multibamsummary
1228.33	153.53	4	dt4	1	mbs_triticum_3	rhel	multibamsummary
1269.94	155.38	5	dt4	1	mbs_triticum_3	rhel	multibamsummary
622.94	207.34	1	dt4	2	mbs_triticum_3	rhel	multibamsummary
627.47	209.45	2	dt4	2	mbs_triticum_3	rhel	multibamsummary
641.62	209.41	3	dt4	2	mbs_triticum_3	rhel	multibamsummary
625.3	207.8	4	dt4	2	mbs_triticum_3	rhel	multibamsummary
652.18	206.44	5	dt4	2	mbs_triticum_3	rhel	multibamsummary
626.17	266.5	1	dt4	3	mbs_triticum_3	rhel	multibamsummary
901.68	263.19	2	dt4	3	mbs_triticum_3	rhel	multibamsummary
600.43	261.68	3	dt4	3	mbs_triticum_3	rhel	multibamsummary
592.37	260.58	4	dt4	3	mbs_triticum_3	rhel	multibamsummary
596.42	260.91	5	dt4	3	mbs_triticum_3	rhel	multibamsummary
323.34	319.07	1	dt4	4	mbs_triticum_3	rhel	multibamsummary
326.82	321.48	2	dt4	4	mbs_triticum_3	rhel	multibamsummary
336.36	321.46	3	dt4	4	mbs_triticum_3	rhel	multibamsummary
467.2	319.33	4	dt4	4	mbs_triticum_3	rhel	multibamsummary
326.74	319.52	5	dt4	4	mbs_triticum_3	rhel	multibamsummary
270.74	368.6	1	dt4	5	mbs_triticum_3	rhel	multibamsummary
264.64	373.4	2	dt4	5	mbs_triticum_3	rhel	multibamsummary
291.85	373.31	3	dt4	5	mbs_triticum_3	rhel	multibamsummary
265.13	373.93	4	dt4	5	mbs_triticum_3	rhel	multibamsummary
272.14	375.88	5	dt4	5	mbs_triticum_3	rhel	multibamsummary
252.22	426.32	1	dt4	6	mbs_triticum_3	rhel	multibamsummary
266.96	429.82	2	dt4	6	mbs_triticum_3	rhel	multibamsummary
232.37	429.24	3	dt4	6	mbs_triticum_3	rhel	multibamsummary
261.95	425.99	4	dt4	6	mbs_triticum_3	rhel	multibamsummary
261.37	427.37	5	dt4	6	mbs_triticum_3	rhel	multibamsummary
209.78	479.66	1	dt4	7	mbs_triticum_3	rhel	multibamsummary
228.0	490.41	2	dt4	7	mbs_triticum_3	rhel	multibamsummary
223.07	481.79	3	dt4	7	mbs_triticum_3	rhel	multibamsummary
302.31	483.31	4	dt4	7	mbs_triticum_3	rhel	multibamsummary
307.47	482.28	5	dt4	7	mbs_triticum_3	rhel	multibamsummary
181.83	536.53	1	dt4	8	mbs_triticum_3	rhel	multibamsummary
185.78	535.82	2	dt4	8	mbs_triticum_3	rhel	multibamsummary
170.16	540.65	3	dt4	8	mbs_triticum_3	rhel	multibamsummary
235.17	537.82	4	dt4	8	mbs_triticum_3	rhel	multibamsummary
194.57	538.6	5	dt4	8	mbs_triticum_3	rhel	multibamsummary
172.95	587.45	1	dt4	9	mbs_triticum_3	rhel	multibamsummary
166.9	586.77	2	dt4	9	mbs_triticum_3	rhel	multibamsummary
187.38	590.36	3	dt4	9	mbs_triticum_3	rhel	multibamsummary
185.85	591.43	4	dt4	9	mbs_triticum_3	rhel	multibamsummary
176.71	587.96	5	dt4	9	mbs_triticum_3	rhel	multibamsummary
182.37	637.35	1	dt4	10	mbs_triticum_3	rhel	multibamsummary
181.31	649.18	2	dt4	10	mbs_triticum_3	rhel	multibamsummary
173.77	643.44	3	dt4	10	mbs_triticum_3	rhel	multibamsummary
162.75	650.53	4	dt4	10	mbs_triticum_3	rhel	multibamsummary
156.39	646.47	5	dt4	10	mbs_triticum_3	rhel	multibamsummary
155.22	694.59	1	dt4	11	mbs_triticum_3	rhel	multibamsummary
193.52	698.29	2	dt4	11	mbs_triticum_3	rhel	multibamsummary
170.08	704.39	3	dt4	11	mbs_triticum_3	rhel	multibamsummary
150.09	696.77	4	dt4	11	mbs_triticum_3	rhel	multibamsummary
130.33	692.22	5	dt4	11	mbs_triticum_3	rhel	multibamsummary
128.5	740.64	1	dt4	12	mbs_triticum_3	rhel	multibamsummary
159.22	748.97	2	dt4	12	mbs_triticum_3	rhel	multibamsummary
130.81	748.45	3	dt4	12	mbs_triticum_3	rhel	multibamsummary
154.35	744.5	4	dt4	12	mbs_triticum_3	rhel	multibamsummary
123.31	747.23	5	dt4	12	mbs_triticum_3	rhel	multibamsummary
141.79	801.89	1	dt4	13	mbs_triticum_3	rhel	multibamsummary
122.18	796.18	2	dt4	13	mbs_triticum_3	rhel	multibamsummary
147.34	807.91	3	dt4	13	mbs_triticum_3	rhel	multibamsummary
134.88	796.56	4	dt4	13	mbs_triticum_3	rhel	multibamsummary
148.56	808.12	5	dt4	13	mbs_triticum_3	rhel	multibamsummary
144.11	855.81	1	dt4	14	mbs_triticum_3	rhel	multibamsummary
148.24	853.74	2	dt4	14	mbs_triticum_3	rhel	multibamsummary
126.14	855.02	3	dt4	14	mbs_triticum_3	rhel	multibamsummary
129.61	853.87	4	dt4	14	mbs_triticum_3	rhel	multibamsummary
143.16	850.63	5	dt4	14	mbs_triticum_3	rhel	multibamsummary
123.58	909.05	1	dt4	15	mbs_triticum_3	rhel	multibamsummary
114.43	908.11	2	dt4	15	mbs_triticum_3	rhel	multibamsummary
129.65	907.92	3	dt4	15	mbs_triticum_3	rhel	multibamsummary
131.7	905.34	4	dt4	15	mbs_triticum_3	rhel	multibamsummary
118.38	908.75	5	dt4	15	mbs_triticum_3	rhel	multibamsummary
126.93	954.2	1	dt4	16	mbs_triticum_3	rhel	multibamsummary
125.02	947.67	2	dt4	16	mbs_triticum_3	rhel	multibamsummary
127.1	959.87	3	dt4	16	mbs_triticum_3	rhel	multibamsummary
116.72	953.21	4	dt4	16	mbs_triticum_3	rhel	multibamsummary
106.09	957.28	5	dt4	16	mbs_triticum_3	rhel	multibamsummary
122.86	1002.08	1	dt4	17	mbs_triticum_3	rhel	multibamsummary
112.6	1009.29	2	dt4	17	mbs_triticum_3	rhel	multibamsummary
111.71	1021.35	3	dt4	17	mbs_triticum_3	rhel	multibamsummary
130.93	1016.63	4	dt4	17	mbs_triticum_3	rhel	multibamsummary
123.68	1008.18	5	dt4	17	mbs_triticum_3	rhel	multibamsummary
117.99	1066.62	1	dt4	18	mbs_triticum_3	rhel	multibamsummary
107.95	1065.52	2	dt4	18	mbs_triticum_3	rhel	multibamsummary
128.35	1058.22	3	dt4	18	mbs_triticum_3	rhel	multibamsummary
135.4	1061.85	4	dt4	18	mbs_triticum_3	rhel	multibamsummary
136.84	1060.64	5	dt4	18	mbs_triticum_3	rhel	multibamsummary
117.4	1116.96	1	dt4	19	mbs_triticum_3	rhel	multibamsummary
112.13	1108.54	2	dt4	19	mbs_triticum_3	rhel	multibamsummary
108.49	1124.51	3	dt4	19	mbs_triticum_3	rhel	multibamsummary
106.25	1100.97	4	dt4	19	mbs_triticum_3	rhel	multibamsummary
129.37	1108.38	5	dt4	19	mbs_triticum_3	rhel	multibamsummary
110.76	1159.96	1	dt4	20	mbs_triticum_3	rhel	multibamsummary
98.11	1155.59	2	dt4	20	mbs_triticum_3	rhel	multibamsummary
104.11	1147.86	3	dt4	20	mbs_triticum_3	rhel	multibamsummary
99.94	1154.78	4	dt4	20	mbs_triticum_3	rhel	multibamsummary
102.02	1156.05	5	dt4	20	mbs_triticum_3	rhel	multibamsummary
6131.63	155.44	1	dt4	1	mbs_triticum_15	rhel	multibamsummary
6274.45	337.92	2	dt4	1	mbs_triticum_15	rhel	multibamsummary
6084.37	154.7	3	dt4	1	mbs_triticum_15	rhel	multibamsummary
6204.51	155.38	4	dt4	1	mbs_triticum_15	rhel	multibamsummary
6192.94	155.43	5	dt4	1	mbs_triticum_15	rhel	multibamsummary
3053.88	457.04	1	dt4	2	mbs_triticum_15	rhel	multibamsummary
3481.47	208.28	2	dt4	2	mbs_triticum_15	rhel	multibamsummary
3059.28	209.52	3	dt4	2	mbs_triticum_15	rhel	multibamsummary
3165.08	211.43	4	dt4	2	mbs_triticum_15	rhel	multibamsummary
3252.37	210.35	5	dt4	2	mbs_triticum_15	rhel	multibamsummary
2520.06	272.23	1	dt4	3	mbs_triticum_15	rhel	multibamsummary
2453.68	448.17	2	dt4	3	mbs_triticum_15	rhel	multibamsummary
3446.52	384.33	3	dt4	3	mbs_triticum_15	rhel	multibamsummary
2098.3	264.99	4	dt4	3	mbs_triticum_15	rhel	multibamsummary
2396.77	409.88	5	dt4	3	mbs_triticum_15	rhel	multibamsummary
1812.16	321.63	1	dt4	4	mbs_triticum_15	rhel	multibamsummary
1631.03	322.61	2	dt4	4	mbs_triticum_15	rhel	multibamsummary
2186.84	320.43	3	dt4	4	mbs_triticum_15	rhel	multibamsummary
1952.25	319.54	4	dt4	4	mbs_triticum_15	rhel	multibamsummary
1546.24	321.24	5	dt4	4	mbs_triticum_15	rhel	multibamsummary
1441.55	379.36	1	dt4	5	mbs_triticum_15	rhel	multibamsummary
1306.52	374.93	2	dt4	5	mbs_triticum_15	rhel	multibamsummary
1238.94	372.67	3	dt4	5	mbs_triticum_15	rhel	multibamsummary
1562.21	379.44	4	dt4	5	mbs_triticum_15	rhel	multibamsummary
1332.67	376.41	5	dt4	5	mbs_triticum_15	rhel	multibamsummary
1036.56	430.77	1	dt4	6	mbs_triticum_15	rhel	multibamsummary
1157.58	425.02	2	dt4	6	mbs_triticum_15	rhel	multibamsummary
1083.4	433.63	3	dt4	6	mbs_triticum_15	rhel	multibamsummary
1152.87	430.54	4	dt4	6	mbs_triticum_15	rhel	multibamsummary
1038.16	431.6	5	dt4	6	mbs_triticum_15	rhel	multibamsummary
906.41	488.13	1	dt4	7	mbs_triticum_15	rhel	multibamsummary
937.86	483.03	2	dt4	7	mbs_triticum_15	rhel	multibamsummary
999.53	478.31	3	dt4	7	mbs_triticum_15	rhel	multibamsummary
945.78	484.49	4	dt4	7	mbs_triticum_15	rhel	multibamsummary
1121.45	481.97	5	dt4	7	mbs_triticum_15	rhel	multibamsummary
841.31	536.79	1	dt4	8	mbs_triticum_15	rhel	multibamsummary
894.46	541.85	2	dt4	8	mbs_triticum_15	rhel	multibamsummary
792.63	542.47	3	dt4	8	mbs_triticum_15	rhel	multibamsummary
886.26	538.98	4	dt4	8	mbs_triticum_15	rhel	multibamsummary
877.4	542.62	5	dt4	8	mbs_triticum_15	rhel	multibamsummary
747.79	598.65	1	dt4	9	mbs_triticum_15	rhel	multibamsummary
769.04	591.95	2	dt4	9	mbs_triticum_15	rhel	multibamsummary
737.58	593.5	3	dt4	9	mbs_triticum_15	rhel	multibamsummary
879.01	595.5	4	dt4	9	mbs_triticum_15	rhel	multibamsummary
725.34	593.86	5	dt4	9	mbs_triticum_15	rhel	multibamsummary
678.05	649.6	1	dt4	10	mbs_triticum_15	rhel	multibamsummary
858.69	650.43	2	dt4	10	mbs_triticum_15	rhel	multibamsummary
713.88	648.9	3	dt4	10	mbs_triticum_15	rhel	multibamsummary
633.0	648.24	4	dt4	10	mbs_triticum_15	rhel	multibamsummary
774.69	643.17	5	dt4	10	mbs_triticum_15	rhel	multibamsummary
679.57	706.41	1	dt4	11	mbs_triticum_15	rhel	multibamsummary
685.3	706.65	2	dt4	11	mbs_triticum_15	rhel	multibamsummary
672.79	705.83	3	dt4	11	mbs_triticum_15	rhel	multibamsummary
606.34	706.11	4	dt4	11	mbs_triticum_15	rhel	multibamsummary
692.06	702.64	5	dt4	11	mbs_triticum_15	rhel	multibamsummary
606.72	752.18	1	dt4	12	mbs_triticum_15	rhel	multibamsummary
634.74	761.23	2	dt4	12	mbs_triticum_15	rhel	multibamsummary
582.97	753.18	3	dt4	12	mbs_triticum_15	rhel	multibamsummary
625.54	765.32	4	dt4	12	mbs_triticum_15	rhel	multibamsummary
653.12	755.86	5	dt4	12	mbs_triticum_15	rhel	multibamsummary
586.21	811.17	1	dt4	13	mbs_triticum_15	rhel	multibamsummary
537.3	808.23	2	dt4	13	mbs_triticum_15	rhel	multibamsummary
554.12	813.91	3	dt4	13	mbs_triticum_15	rhel	multibamsummary
568.67	817.07	4	dt4	13	mbs_triticum_15	rhel	multibamsummary
540.71	815.5	5	dt4	13	mbs_triticum_15	rhel	multibamsummary
496.45	862.17	1	dt4	14	mbs_triticum_15	rhel	multibamsummary
521.7	861.87	2	dt4	14	mbs_triticum_15	rhel	multibamsummary
566.4	872.23	3	dt4	14	mbs_triticum_15	rhel	multibamsummary
503.79	874.43	4	dt4	14	mbs_triticum_15	rhel	multibamsummary
482.53	862.81	5	dt4	14	mbs_triticum_15	rhel	multibamsummary
441.69	917.16	1	dt4	15	mbs_triticum_15	rhel	multibamsummary
478.5	921.32	2	dt4	15	mbs_triticum_15	rhel	multibamsummary
549.38	919.12	3	dt4	15	mbs_triticum_15	rhel	multibamsummary
476.62	919.12	4	dt4	15	mbs_triticum_15	rhel	multibamsummary
469.36	919.57	5	dt4	15	mbs_triticum_15	rhel	multibamsummary
444.28	977.25	1	dt4	16	mbs_triticum_15	rhel	multibamsummary
473.15	972.9	2	dt4	16	mbs_triticum_15	rhel	multibamsummary
418.89	973.45	3	dt4	16	mbs_triticum_15	rhel	multibamsummary
439.48	983.43	4	dt4	16	mbs_triticum_15	rhel	multibamsummary
506.63	983.98	5	dt4	16	mbs_triticum_15	rhel	multibamsummary
419.38	1033.3	1	dt4	17	mbs_triticum_15	rhel	multibamsummary
479.37	1029.56	2	dt4	17	mbs_triticum_15	rhel	multibamsummary
460.84	1027.36	3	dt4	17	mbs_triticum_15	rhel	multibamsummary
452.29	1027.55	4	dt4	17	mbs_triticum_15	rhel	multibamsummary
414.92	1036.23	5	dt4	17	mbs_triticum_15	rhel	multibamsummary
467.28	1089.29	1	dt4	18	mbs_triticum_15	rhel	multibamsummary
488.89	1091.04	2	dt4	18	mbs_triticum_15	rhel	multibamsummary
421.37	1081.89	3	dt4	18	mbs_triticum_15	rhel	multibamsummary
444.86	1090.71	4	dt4	18	mbs_triticum_15	rhel	multibamsummary
400.25	1085.86	5	dt4	18	mbs_triticum_15	rhel	multibamsummary
392.62	1138.34	1	dt4	19	mbs_triticum_15	rhel	multibamsummary
405.94	1136.65	2	dt4	19	mbs_triticum_15	rhel	multibamsummary
398.92	1138.16	3	dt4	19	mbs_triticum_15	rhel	multibamsummary
407.82	1256.37	4	dt4	19	mbs_triticum_15	rhel	multibamsummary
402.37	1142.46	5	dt4	19	mbs_triticum_15	rhel	multibamsummary
372.22	1190.02	1	dt4	20	mbs_triticum_15	rhel	multibamsummary
396.76	1192.34	2	dt4	20	mbs_triticum_15	rhel	multibamsummary
398.2	1198.39	3	dt4	20	mbs_triticum_15	rhel	multibamsummary
430.51	1199.09	4	dt4	20	mbs_triticum_15	rhel	multibamsummary
405.36	1188.83	5	dt4	20	mbs_triticum_15	rhel	multibamsummary
5216.54	83.88	1	dt3	1	mbs_human_3	rhel	multibamsummary
5250.79	84.1	2	dt3	1	mbs_human_3	rhel	multibamsummary
5194.8	83.62	3	dt3	1	mbs_human_3	rhel	multibamsummary
5236.63	83.9	4	dt3	1	mbs_human_3	rhel	multibamsummary
5181.15	84.5	5	dt3	1	mbs_human_3	rhel	multibamsummary
2762.07	229.48	1	dt3	2	mbs_human_3	rhel	multibamsummary
2815.24	228.72	2	dt3	2	mbs_human_3	rhel	multibamsummary
4644.61	232.41	3	dt3	2	mbs_human_3	rhel	multibamsummary
3058.0	231.16	4	dt3	2	mbs_human_3	rhel	multibamsummary
3101.66	234.52	5	dt3	2	mbs_human_3	rhel	multibamsummary
2589.12	308.82	1	dt3	3	mbs_human_3	rhel	multibamsummary
2223.49	312.12	2	dt3	3	mbs_human_3	rhel	multibamsummary
2683.04	308.3	3	dt3	3	mbs_human_3	rhel	multibamsummary
1933.04	310.77	4	dt3	3	mbs_human_3	rhel	multibamsummary
1906.52	313.61	5	dt3	3	mbs_human_3	rhel	multibamsummary
1532.35	391.63	1	dt3	4	mbs_human_3	rhel	multibamsummary
1452.87	383.44	2	dt3	4	mbs_human_3	rhel	multibamsummary
1895.14	384.21	3	dt3	4	mbs_human_3	rhel	multibamsummary
1553.55	394.64	4	dt3	4	mbs_human_3	rhel	multibamsummary
1843.46	389.43	5	dt3	4	mbs_human_3	rhel	multibamsummary
1591.93	459.89	1	dt3	5	mbs_human_3	rhel	multibamsummary
1479.25	461.37	2	dt3	5	mbs_human_3	rhel	multibamsummary
1204.38	459.07	3	dt3	5	mbs_human_3	rhel	multibamsummary
1672.34	460.37	4	dt3	5	mbs_human_3	rhel	multibamsummary
1903.12	454.62	5	dt3	5	mbs_human_3	rhel	multibamsummary
1379.77	529.04	1	dt3	6	mbs_human_3	rhel	multibamsummary
1119.46	537.75	2	dt3	6	mbs_human_3	rhel	multibamsummary
1107.8	526.65	3	dt3	6	mbs_human_3	rhel	multibamsummary
1353.77	540.99	4	dt3	6	mbs_human_3	rhel	multibamsummary
1147.71	528.45	5	dt3	6	mbs_human_3	rhel	multibamsummary
881.38	608.36	1	dt3	7	mbs_human_3	rhel	multibamsummary
1135.56	607.14	2	dt3	7	mbs_human_3	rhel	multibamsummary
869.05	602.73	3	dt3	7	mbs_human_3	rhel	multibamsummary
883.52	591.46	4	dt3	7	mbs_human_3	rhel	multibamsummary
986.66	602.85	5	dt3	7	mbs_human_3	rhel	multibamsummary
880.16	703.0	1	dt3	8	mbs_human_3	rhel	multibamsummary
834.1	676.85	2	dt3	8	mbs_human_3	rhel	multibamsummary
928.61	673.29	3	dt3	8	mbs_human_3	rhel	multibamsummary
986.64	676.02	4	dt3	8	mbs_human_3	rhel	multibamsummary
1018.44	671.53	5	dt3	8	mbs_human_3	rhel	multibamsummary
839.03	773.59	1	dt3	9	mbs_human_3	rhel	multibamsummary
982.47	746.17	2	dt3	9	mbs_human_3	rhel	multibamsummary
838.18	763.6	3	dt3	9	mbs_human_3	rhel	multibamsummary
890.11	742.95	4	dt3	9	mbs_human_3	rhel	multibamsummary
793.47	760.68	5	dt3	9	mbs_human_3	rhel	multibamsummary
982.31	832.64	1	dt3	10	mbs_human_3	rhel	multibamsummary
831.98	840.64	2	dt3	10	mbs_human_3	rhel	multibamsummary
994.37	809.18	3	dt3	10	mbs_human_3	rhel	multibamsummary
792.83	839.57	4	dt3	10	mbs_human_3	rhel	multibamsummary
796.92	838.36	5	dt3	10	mbs_human_3	rhel	multibamsummary
810.37	928.74	1	dt3	11	mbs_human_3	rhel	multibamsummary
770.8	919.38	2	dt3	11	mbs_human_3	rhel	multibamsummary
747.51	911.16	3	dt3	11	mbs_human_3	rhel	multibamsummary
883.78	877.11	4	dt3	11	mbs_human_3	rhel	multibamsummary
938.28	915.28	5	dt3	11	mbs_human_3	rhel	multibamsummary
545.55	998.88	1	dt3	12	mbs_human_3	rhel	multibamsummary
792.29	973.94	2	dt3	12	mbs_human_3	rhel	multibamsummary
672.52	991.89	3	dt3	12	mbs_human_3	rhel	multibamsummary
881.29	959.09	4	dt3	12	mbs_human_3	rhel	multibamsummary
783.69	973.16	5	dt3	12	mbs_human_3	rhel	multibamsummary
677.48	1069.29	1	dt3	13	mbs_human_3	rhel	multibamsummary
618.8	1048.17	2	dt3	13	mbs_human_3	rhel	multibamsummary
819.67	1026.24	3	dt3	13	mbs_human_3	rhel	multibamsummary
708.29	1054.69	4	dt3	13	mbs_human_3	rhel	multibamsummary
719.14	1064.17	5	dt3	13	mbs_human_3	rhel	multibamsummary
470.78	1131.68	1	dt3	14	mbs_human_3	rhel	multibamsummary
666.68	1129.2	2	dt3	14	mbs_human_3	rhel	multibamsummary
618.82	1144.75	3	dt3	14	mbs_human_3	rhel	multibamsummary
735.31	1113.98	4	dt3	14	mbs_human_3	rhel	multibamsummary
533.87	1129.72	5	dt3	14	mbs_human_3	rhel	multibamsummary
693.02	1182.18	1	dt3	15	mbs_human_3	rhel	multibamsummary
716.69	1183.06	2	dt3	15	mbs_human_3	rhel	multibamsummary
524.72	1211.95	3	dt3	15	mbs_human_3	rhel	multibamsummary
536.57	1207.11	4	dt3	15	mbs_human_3	rhel	multibamsummary
548.27	1179.38	5	dt3	15	mbs_human_3	rhel	multibamsummary
575.56	1268.85	1	dt3	16	mbs_human_3	rhel	multibamsummary
504.22	1285.55	2	dt3	16	mbs_human_3	rhel	multibamsummary
629.45	1270.99	3	dt3	16	mbs_human_3	rhel	multibamsummary
716.17	1285.81	4	dt3	16	mbs_human_3	rhel	multibamsummary
766.73	1306.0	5	dt3	16	mbs_human_3	rhel	multibamsummary
528.12	1354.89	1	dt3	17	mbs_human_3	rhel	multibamsummary
633.69	1334.14	2	dt3	17	mbs_human_3	rhel	multibamsummary
598.53	1377.01	3	dt3	17	mbs_human_3	rhel	multibamsummary
512.34	1353.08	4	dt3	17	mbs_human_3	rhel	multibamsummary
574.35	1350.51	5	dt3	17	mbs_human_3	rhel	multibamsummary
516.88	1423.88	1	dt3	18	mbs_human_3	rhel	multibamsummary
531.23	1430.34	2	dt3	18	mbs_human_3	rhel	multibamsummary
451.01	1416.39	3	dt3	18	mbs_human_3	rhel	multibamsummary
592.67	1428.06	4	dt3	18	mbs_human_3	rhel	multibamsummary
545.67	1457.98	5	dt3	18	mbs_human_3	rhel	multibamsummary
551.52	1501.71	1	dt3	19	mbs_human_3	rhel	multibamsummary
448.57	1505.04	2	dt3	19	mbs_human_3	rhel	multibamsummary
793.88	1552.4	3	dt3	19	mbs_human_3	rhel	multibamsummary
531.11	1488.32	4	dt3	19	mbs_human_3	rhel	multibamsummary
492.94	1481.68	5	dt3	19	mbs_human_3	rhel	multibamsummary
601.03	1565.52	1	dt3	20	mbs_human_3	rhel	multibamsummary
543.44	1604.1	2	dt3	20	mbs_human_3	rhel	multibamsummary
576.61	1580.68	3	dt3	20	mbs_human_3	rhel	multibamsummary
630.08	1558.04	4	dt3	20	mbs_human_3	rhel	multibamsummary
606.95	1575.2	5	dt3	20	mbs_human_3	rhel	multibamsummary
26710.23	239.99	1	dt3	1	mbs_human_15	rhel	multibamsummary
25957.38	241.68	2	dt3	1	mbs_human_15	rhel	multibamsummary
27407.34	240.69	3	dt3	1	mbs_human_15	rhel	multibamsummary
26171.63	239.98	4	dt3	1	mbs_human_15	rhel	multibamsummary
26525.48	241.05	5	dt3	1	mbs_human_15	rhel	multibamsummary
14472.64	651.68	1	dt3	2	mbs_human_15	rhel	multibamsummary
13655.92	649.81	2	dt3	2	mbs_human_15	rhel	multibamsummary
14134.52	650.38	3	dt3	2	mbs_human_15	rhel	multibamsummary
15576.33	653.09	4	dt3	2	mbs_human_15	rhel	multibamsummary
14157.47	651.2	5	dt3	2	mbs_human_15	rhel	multibamsummary
9928.64	848.09	1	dt3	3	mbs_human_15	rhel	multibamsummary
11824.83	850.43	2	dt3	3	mbs_human_15	rhel	multibamsummary
11665.29	848.82	3	dt3	3	mbs_human_15	rhel	multibamsummary
9916.57	849.78	4	dt3	3	mbs_human_15	rhel	multibamsummary
11661.24	849.99	5	dt3	3	mbs_human_15	rhel	multibamsummary
8379.11	1049.41	1	dt3	4	mbs_human_15	rhel	multibamsummary
8310.83	1045.68	2	dt3	4	mbs_human_15	rhel	multibamsummary
8178.11	1053.08	3	dt3	4	mbs_human_15	rhel	multibamsummary
8965.56	1050.11	4	dt3	4	mbs_human_15	rhel	multibamsummary
7040.8	1062.77	5	dt3	4	mbs_human_15	rhel	multibamsummary
6149.48	1247.91	1	dt3	5	mbs_human_15	rhel	multibamsummary
6378.08	1254.09	2	dt3	5	mbs_human_15	rhel	multibamsummary
5770.29	1247.18	3	dt3	5	mbs_human_15	rhel	multibamsummary
5952.73	1258.14	4	dt3	5	mbs_human_15	rhel	multibamsummary
5774.26	1259.0	5	dt3	5	mbs_human_15	rhel	multibamsummary
5496.76	1460.71	1	dt3	6	mbs_human_15	rhel	multibamsummary
5505.68	1458.32	2	dt3	6	mbs_human_15	rhel	multibamsummary
5661.76	1460.93	3	dt3	6	mbs_human_15	rhel	multibamsummary
6863.85	1457.99	4	dt3	6	mbs_human_15	rhel	multibamsummary
5857.0	1450.73	5	dt3	6	mbs_human_15	rhel	multibamsummary
4601.8	1641.87	1	dt3	7	mbs_human_15	rhel	multibamsummary
4238.18	1652.66	2	dt3	7	mbs_human_15	rhel	multibamsummary
5508.52	1650.95	3	dt3	7	mbs_human_15	rhel	multibamsummary
5317.36	1648.62	4	dt3	7	mbs_human_15	rhel	multibamsummary
5066.45	1659.43	5	dt3	7	mbs_human_15	rhel	multibamsummary
4976.33	1843.25	1	dt3	8	mbs_human_15	rhel	multibamsummary
5236.54	1846.63	2	dt3	8	mbs_human_15	rhel	multibamsummary
3814.99	1848.07	3	dt3	8	mbs_human_15	rhel	multibamsummary
3957.79	1852.86	4	dt3	8	mbs_human_15	rhel	multibamsummary
5541.8	1848.2	5	dt3	8	mbs_human_15	rhel	multibamsummary
4317.28	2037.84	1	dt3	9	mbs_human_15	rhel	multibamsummary
3679.51	2073.31	2	dt3	9	mbs_human_15	rhel	multibamsummary
3607.39	2049.91	3	dt3	9	mbs_human_15	rhel	multibamsummary
4294.59	2046.69	4	dt3	9	mbs_human_15	rhel	multibamsummary
3346.95	2054.92	5	dt3	9	mbs_human_15	rhel	multibamsummary
3737.52	2278.6	1	dt3	10	mbs_human_15	rhel	multibamsummary
3360.84	2255.09	2	dt3	10	mbs_human_15	rhel	multibamsummary
4085.01	2235.13	3	dt3	10	mbs_human_15	rhel	multibamsummary
3913.17	2262.46	4	dt3	10	mbs_human_15	rhel	multibamsummary
4240.25	2238.66	5	dt3	10	mbs_human_15	rhel	multibamsummary
2856.38	2456.55	1	dt3	11	mbs_human_15	rhel	multibamsummary
2861.49	2447.53	2	dt3	11	mbs_human_15	rhel	multibamsummary
2881.27	2445.38	3	dt3	11	mbs_human_15	rhel	multibamsummary
3698.18	2463.46	4	dt3	11	mbs_human_15	rhel	multibamsummary
2827.05	2457.14	5	dt3	11	mbs_human_15	rhel	multibamsummary
4464.47	2669.75	1	dt3	12	mbs_human_15	rhel	multibamsummary
4325.49	2660.83	2	dt3	12	mbs_human_15	rhel	multibamsummary
3928.9	2651.41	3	dt3	12	mbs_human_15	rhel	multibamsummary
3704.55	2676.22	4	dt3	12	mbs_human_15	rhel	multibamsummary
4083.84	2644.09	5	dt3	12	mbs_human_15	rhel	multibamsummary
3147.43	2855.13	1	dt3	13	mbs_human_15	rhel	multibamsummary
3490.69	2849.7	2	dt3	13	mbs_human_15	rhel	multibamsummary
3099.38	2854.14	3	dt3	13	mbs_human_15	rhel	multibamsummary
2931.73	2857.67	4	dt3	13	mbs_human_15	rhel	multibamsummary
2442.5	2844.15	5	dt3	13	mbs_human_15	rhel	multibamsummary
2724.57	3050.62	1	dt3	14	mbs_human_15	rhel	multibamsummary
2679.31	3049.6	2	dt3	14	mbs_human_15	rhel	multibamsummary
3691.2	3041.3	3	dt3	14	mbs_human_15	rhel	multibamsummary
3654.71	3054.11	4	dt3	14	mbs_human_15	rhel	multibamsummary
3681.53	3065.55	5	dt3	14	mbs_human_15	rhel	multibamsummary
3436.49	3267.58	1	dt3	15	mbs_human_15	rhel	multibamsummary
2930.71	3258.12	2	dt3	15	mbs_human_15	rhel	multibamsummary
3741.94	3283.04	3	dt3	15	mbs_human_15	rhel	multibamsummary
2153.72	3261.15	4	dt3	15	mbs_human_15	rhel	multibamsummary
3874.05	3270.45	5	dt3	15	mbs_human_15	rhel	multibamsummary
2291.95	3475.91	1	dt3	16	mbs_human_15	rhel	multibamsummary
2825.64	3463.01	2	dt3	16	mbs_human_15	rhel	multibamsummary
2876.93	3488.36	3	dt3	16	mbs_human_15	rhel	multibamsummary
3470.74	3450.81	4	dt3	16	mbs_human_15	rhel	multibamsummary
2591.61	3461.59	5	dt3	16	mbs_human_15	rhel	multibamsummary
2236.35	3686.7	1	dt3	17	mbs_human_15	rhel	multibamsummary
3076.68	3700.31	2	dt3	17	mbs_human_15	rhel	multibamsummary
3142.09	3638.33	3	dt3	17	mbs_human_15	rhel	multibamsummary
3489.41	3632.36	4	dt3	17	mbs_human_15	rhel	multibamsummary
2757.14	3670.94	5	dt3	17	mbs_human_15	rhel	multibamsummary
3414.05	3866.98	1	dt3	18	mbs_human_15	rhel	multibamsummary
2176.39	3852.29	2	dt3	18	mbs_human_15	rhel	multibamsummary
3283.16	3857.04	3	dt3	18	mbs_human_15	rhel	multibamsummary
3184.17	3861.13	4	dt3	18	mbs_human_15	rhel	multibamsummary
2758.37	3884.26	5	dt3	18	mbs_human_15	rhel	multibamsummary
2991.44	4069.82	1	dt3	19	mbs_human_15	rhel	multibamsummary
1989.52	4058.32	2	dt3	19	mbs_human_15	rhel	multibamsummary
2648.21	4094.66	3	dt3	19	mbs_human_15	rhel	multibamsummary
2993.35	4083.83	4	dt3	19	mbs_human_15	rhel	multibamsummary
2989.02	4065.83	5	dt3	19	mbs_human_15	rhel	multibamsummary
3330.2	4232.77	1	dt3	20	mbs_human_15	rhel	multibamsummary
2359.4	4257.44	2	dt3	20	mbs_human_15	rhel	multibamsummary
2847.24	4297.77	3	dt3	20	mbs_human_15	rhel	multibamsummary
2423.35	4275.8	4	dt3	20	mbs_human_15	rhel	multibamsummary
2681.48	4248.55	5	dt3	20	mbs_human_15	rhel	multibamsummary
5276.59	158.16	1	dt3	1	mbs_triticum_3	rhel	multibamsummary
5207.91	158.4	2	dt3	1	mbs_triticum_3	rhel	multibamsummary
5201.39	160.26	3	dt3	1	mbs_triticum_3	rhel	multibamsummary
5190.46	157.86	4	dt3	1	mbs_triticum_3	rhel	multibamsummary
5337.63	157.91	5	dt3	1	mbs_triticum_3	rhel	multibamsummary
2840.78	425.84	1	dt3	2	mbs_triticum_3	rhel	multibamsummary
2732.96	425.68	2	dt3	2	mbs_triticum_3	rhel	multibamsummary
2882.51	422.62	3	dt3	2	mbs_triticum_3	rhel	multibamsummary
2698.12	426.73	4	dt3	2	mbs_triticum_3	rhel	multibamsummary
2782.56	421.28	5	dt3	2	mbs_triticum_3	rhel	multibamsummary
1973.78	539.83	1	dt3	3	mbs_triticum_3	rhel	multibamsummary
1950.36	546.88	2	dt3	3	mbs_triticum_3	rhel	multibamsummary
2123.69	549.0	3	dt3	3	mbs_triticum_3	rhel	multibamsummary
2032.87	549.07	4	dt3	3	mbs_triticum_3	rhel	multibamsummary
2226.35	545.89	5	dt3	3	mbs_triticum_3	rhel	multibamsummary
1781.99	655.75	1	dt3	4	mbs_triticum_3	rhel	multibamsummary
1483.66	659.28	2	dt3	4	mbs_triticum_3	rhel	multibamsummary
1486.52	660.14	3	dt3	4	mbs_triticum_3	rhel	multibamsummary
1390.02	658.38	4	dt3	4	mbs_triticum_3	rhel	multibamsummary
1354.05	661.56	5	dt3	4	mbs_triticum_3	rhel	multibamsummary
1126.1	779.32	1	dt3	5	mbs_triticum_3	rhel	multibamsummary
1137.27	788.01	2	dt3	5	mbs_triticum_3	rhel	multibamsummary
1746.31	790.86	3	dt3	5	mbs_triticum_3	rhel	multibamsummary
1541.69	785.6	4	dt3	5	mbs_triticum_3	rhel	multibamsummary
1399.63	776.98	5	dt3	5	mbs_triticum_3	rhel	multibamsummary
967.68	906.73	1	dt3	6	mbs_triticum_3	rhel	multibamsummary
943.39	892.13	2	dt3	6	mbs_triticum_3	rhel	multibamsummary
1116.15	902.3	3	dt3	6	mbs_triticum_3	rhel	multibamsummary
1196.3	895.31	4	dt3	6	mbs_triticum_3	rhel	multibamsummary
931.57	904.21	5	dt3	6	mbs_triticum_3	rhel	multibamsummary
805.94	1033.41	1	dt3	7	mbs_triticum_3	rhel	multibamsummary
797.99	1035.54	2	dt3	7	mbs_triticum_3	rhel	multibamsummary
813.18	1040.61	3	dt3	7	mbs_triticum_3	rhel	multibamsummary
823.51	1013.48	4	dt3	7	mbs_triticum_3	rhel	multibamsummary
860.6	1024.12	5	dt3	7	mbs_triticum_3	rhel	multibamsummary
713.2	1165.5	1	dt3	8	mbs_triticum_3	rhel	multibamsummary
820.59	1152.01	2	dt3	8	mbs_triticum_3	rhel	multibamsummary
1011.98	1140.03	3	dt3	8	mbs_triticum_3	rhel	multibamsummary
1010.82	1148.76	4	dt3	8	mbs_triticum_3	rhel	multibamsummary
745.34	1145.35	5	dt3	8	mbs_triticum_3	rhel	multibamsummary
837.9	1270.28	1	dt3	9	mbs_triticum_3	rhel	multibamsummary
686.18	1281.88	2	dt3	9	mbs_triticum_3	rhel	multibamsummary
702.57	1266.19	3	dt3	9	mbs_triticum_3	rhel	multibamsummary
719.99	1273.39	4	dt3	9	mbs_triticum_3	rhel	multibamsummary
838.3	1284.38	5	dt3	9	mbs_triticum_3	rhel	multibamsummary
657.47	1381.09	1	dt3	10	mbs_triticum_3	rhel	multibamsummary
722.29	1401.17	2	dt3	10	mbs_triticum_3	rhel	multibamsummary
671.42	1381.01	3	dt3	10	mbs_triticum_3	rhel	multibamsummary
704.47	1394.75	4	dt3	10	mbs_triticum_3	rhel	multibamsummary
639.88	1400.48	5	dt3	10	mbs_triticum_3	rhel	multibamsummary
595.14	1526.52	1	dt3	11	mbs_triticum_3	rhel	multibamsummary
574.71	1519.23	2	dt3	11	mbs_triticum_3	rhel	multibamsummary
750.14	1523.32	3	dt3	11	mbs_triticum_3	rhel	multibamsummary
761.13	1531.15	4	dt3	11	mbs_triticum_3	rhel	multibamsummary
560.99	1528.89	5	dt3	11	mbs_triticum_3	rhel	multibamsummary
595.35	1637.89	1	dt3	12	mbs_triticum_3	rhel	multibamsummary
531.95	1638.95	2	dt3	12	mbs_triticum_3	rhel	multibamsummary
554.44	1653.86	3	dt3	12	mbs_triticum_3	rhel	multibamsummary
564.71	1639.4	4	dt3	12	mbs_triticum_3	rhel	multibamsummary
608.73	1656.07	5	dt3	12	mbs_triticum_3	rhel	multibamsummary
525.19	1763.28	1	dt3	13	mbs_triticum_3	rhel	multibamsummary
489.94	1777.47	2	dt3	13	mbs_triticum_3	rhel	multibamsummary
563.0	1774.21	3	dt3	13	mbs_triticum_3	rhel	multibamsummary
499.02	1754.3	4	dt3	13	mbs_triticum_3	rhel	multibamsummary
606.09	1762.02	5	dt3	13	mbs_triticum_3	rhel	multibamsummary
454.97	1878.48	1	dt3	14	mbs_triticum_3	rhel	multibamsummary
500.06	1880.18	2	dt3	14	mbs_triticum_3	rhel	multibamsummary
484.61	1872.97	3	dt3	14	mbs_triticum_3	rhel	multibamsummary
490.37	1878.5	4	dt3	14	mbs_triticum_3	rhel	multibamsummary
452.84	1893.13	5	dt3	14	mbs_triticum_3	rhel	multibamsummary
440.92	2005.9	1	dt3	15	mbs_triticum_3	rhel	multibamsummary
432.79	2010.67	2	dt3	15	mbs_triticum_3	rhel	multibamsummary
459.0	2017.52	3	dt3	15	mbs_triticum_3	rhel	multibamsummary
432.49	2015.19	4	dt3	15	mbs_triticum_3	rhel	multibamsummary
444.22	2017.68	5	dt3	15	mbs_triticum_3	rhel	multibamsummary
412.41	2149.88	1	dt3	16	mbs_triticum_3	rhel	multibamsummary
482.56	2140.84	2	dt3	16	mbs_triticum_3	rhel	multibamsummary
403.77	2133.16	3	dt3	16	mbs_triticum_3	rhel	multibamsummary
402.95	2137.37	4	dt3	16	mbs_triticum_3	rhel	multibamsummary
390.61	2149.57	5	dt3	16	mbs_triticum_3	rhel	multibamsummary
400.77	2248.36	1	dt3	17	mbs_triticum_3	rhel	multibamsummary
412.63	2235.66	2	dt3	17	mbs_triticum_3	rhel	multibamsummary
349.7	2264.82	3	dt3	17	mbs_triticum_3	rhel	multibamsummary
353.59	2267.93	4	dt3	17	mbs_triticum_3	rhel	multibamsummary
390.14	2239.41	5	dt3	17	mbs_triticum_3	rhel	multibamsummary
377.68	2397.14	1	dt3	18	mbs_triticum_3	rhel	multibamsummary
336.88	2383.17	2	dt3	18	mbs_triticum_3	rhel	multibamsummary
343.27	2392.13	3	dt3	18	mbs_triticum_3	rhel	multibamsummary
370.99	2358.19	4	dt3	18	mbs_triticum_3	rhel	multibamsummary
454.52	2390.18	5	dt3	18	mbs_triticum_3	rhel	multibamsummary
345.43	2487.82	1	dt3	19	mbs_triticum_3	rhel	multibamsummary
379.57	2504.53	2	dt3	19	mbs_triticum_3	rhel	multibamsummary
406.12	2517.09	3	dt3	19	mbs_triticum_3	rhel	multibamsummary
361.74	2477.34	4	dt3	19	mbs_triticum_3	rhel	multibamsummary
404.66	2538.34	5	dt3	19	mbs_triticum_3	rhel	multibamsummary
351.0	2639.24	1	dt3	20	mbs_triticum_3	rhel	multibamsummary
333.57	2647.23	2	dt3	20	mbs_triticum_3	rhel	multibamsummary
335.03	2630.45	3	dt3	20	mbs_triticum_3	rhel	multibamsummary
353.28	2636.29	4	dt3	20	mbs_triticum_3	rhel	multibamsummary
334.33	2644.45	5	dt3	20	mbs_triticum_3	rhel	multibamsummary
27488.81	616.46	1	dt3	1	mbs_triticum_15	rhel	multibamsummary
28110.76	617.76	2	dt3	1	mbs_triticum_15	rhel	multibamsummary
27853.95	616.38	3	dt3	1	mbs_triticum_15	rhel	multibamsummary
27321.88	641.1	4	dt3	1	mbs_triticum_15	rhel	multibamsummary
27042.5	615.65	5	dt3	1	mbs_triticum_15	rhel	multibamsummary
14826.73	1540.54	1	dt3	2	mbs_triticum_15	rhel	multibamsummary
14100.8	1553.53	2	dt3	2	mbs_triticum_15	rhel	multibamsummary
14114.19	1537.65	3	dt3	2	mbs_triticum_15	rhel	multibamsummary
14133.55	1553.91	4	dt3	2	mbs_triticum_15	rhel	multibamsummary
13991.43	1516.78	5	dt3	2	mbs_triticum_15	rhel	multibamsummary
9688.73	1988.58	1	dt3	3	mbs_triticum_15	rhel	multibamsummary
10514.72	2017.57	2	dt3	3	mbs_triticum_15	rhel	multibamsummary
10209.98	1973.0	3	dt3	3	mbs_triticum_15	rhel	multibamsummary
9949.65	1993.7	4	dt3	3	mbs_triticum_15	rhel	multibamsummary
9458.93	1980.36	5	dt3	3	mbs_triticum_15	rhel	multibamsummary
9769.03	2423.56	1	dt3	4	mbs_triticum_15	rhel	multibamsummary
8261.24	2423.77	2	dt3	4	mbs_triticum_15	rhel	multibamsummary
7989.41	2427.55	3	dt3	4	mbs_triticum_15	rhel	multibamsummary
6961.83	2455.27	4	dt3	4	mbs_triticum_15	rhel	multibamsummary
7721.74	2440.86	5	dt3	4	mbs_triticum_15	rhel	multibamsummary
5837.46	2864.91	1	dt3	5	mbs_triticum_15	rhel	multibamsummary
5805.14	2877.66	2	dt3	5	mbs_triticum_15	rhel	multibamsummary
5686.09	2887.86	3	dt3	5	mbs_triticum_15	rhel	multibamsummary
5685.04	2880.42	4	dt3	5	mbs_triticum_15	rhel	multibamsummary
5588.63	2864.14	5	dt3	5	mbs_triticum_15	rhel	multibamsummary
4815.17	3327.56	1	dt3	6	mbs_triticum_15	rhel	multibamsummary
5306.3	3332.38	2	dt3	6	mbs_triticum_15	rhel	multibamsummary
6581.14	3314.16	3	dt3	6	mbs_triticum_15	rhel	multibamsummary
4758.97	3347.07	4	dt3	6	mbs_triticum_15	rhel	multibamsummary
5016.52	3313.81	5	dt3	6	mbs_triticum_15	rhel	multibamsummary
4043.79	3832.1	1	dt3	7	mbs_triticum_15	rhel	multibamsummary
4044.52	3819.89	2	dt3	7	mbs_triticum_15	rhel	multibamsummary
5460.2	3784.98	3	dt3	7	mbs_triticum_15	rhel	multibamsummary
4130.03	3788.49	4	dt3	7	mbs_triticum_15	rhel	multibamsummary
5468.97	3788.31	5	dt3	7	mbs_triticum_15	rhel	multibamsummary
3594.11	4238.21	1	dt3	8	mbs_triticum_15	rhel	multibamsummary
3689.89	4280.99	2	dt3	8	mbs_triticum_15	rhel	multibamsummary
3663.28	4242.91	3	dt3	8	mbs_triticum_15	rhel	multibamsummary
4372.15	4243.35	4	dt3	8	mbs_triticum_15	rhel	multibamsummary
3794.09	4273.86	5	dt3	8	mbs_triticum_15	rhel	multibamsummary
3630.0	4728.29	1	dt3	9	mbs_triticum_15	rhel	multibamsummary
3584.23	4711.02	2	dt3	9	mbs_triticum_15	rhel	multibamsummary
3262.28	4705.34	3	dt3	9	mbs_triticum_15	rhel	multibamsummary
3754.93	4714.86	4	dt3	9	mbs_triticum_15	rhel	multibamsummary
4034.17	4736.67	5	dt3	9	mbs_triticum_15	rhel	multibamsummary
3155.21	5139.39	1	dt3	10	mbs_triticum_15	rhel	multibamsummary
3063.99	5140.62	2	dt3	10	mbs_triticum_15	rhel	multibamsummary
3283.01	5135.61	3	dt3	10	mbs_triticum_15	rhel	multibamsummary
3827.05	5161.46	4	dt3	10	mbs_triticum_15	rhel	multibamsummary
3654.96	5150.43	5	dt3	10	mbs_triticum_15	rhel	multibamsummary
3184.59	5590.76	1	dt3	11	mbs_triticum_15	rhel	multibamsummary
3221.29	5568.7	2	dt3	11	mbs_triticum_15	rhel	multibamsummary
2646.54	5562.0	3	dt3	11	mbs_triticum_15	rhel	multibamsummary
3351.65	5562.72	4	dt3	11	mbs_triticum_15	rhel	multibamsummary
3273.09	5582.29	5	dt3	11	mbs_triticum_15	rhel	multibamsummary
3029.91	6024.24	1	dt3	12	mbs_triticum_15	rhel	multibamsummary
2700.19	6009.62	2	dt3	12	mbs_triticum_15	rhel	multibamsummary
2827.18	5984.29	3	dt3	12	mbs_triticum_15	rhel	multibamsummary
2567.78	6025.91	4	dt3	12	mbs_triticum_15	rhel	multibamsummary
3512.02	6017.82	5	dt3	12	mbs_triticum_15	rhel	multibamsummary
2799.77	6451.32	1	dt3	13	mbs_triticum_15	rhel	multibamsummary
2501.98	6453.55	2	dt3	13	mbs_triticum_15	rhel	multibamsummary
2750.73	6449.92	3	dt3	13	mbs_triticum_15	rhel	multibamsummary
2355.02	6462.61	4	dt3	13	mbs_triticum_15	rhel	multibamsummary
2802.86	6432.43	5	dt3	13	mbs_triticum_15	rhel	multibamsummary
2345.97	6928.46	1	dt3	14	mbs_triticum_15	rhel	multibamsummary
2290.42	6888.3	2	dt3	14	mbs_triticum_15	rhel	multibamsummary
2592.11	6905.75	3	dt3	14	mbs_triticum_15	rhel	multibamsummary
2867.77	6889.24	4	dt3	14	mbs_triticum_15	rhel	multibamsummary
2519.82	6911.7	5	dt3	14	mbs_triticum_15	rhel	multibamsummary
2073.66	7376.05	1	dt3	15	mbs_triticum_15	rhel	multibamsummary
2323.27	7370.4	2	dt3	15	mbs_triticum_15	rhel	multibamsummary
2275.54	7342.79	3	dt3	15	mbs_triticum_15	rhel	multibamsummary
2429.55	7329.87	4	dt3	15	mbs_triticum_15	rhel	multibamsummary
2718.95	7345.84	5	dt3	15	mbs_triticum_15	rhel	multibamsummary
2395.41	7777.04	1	dt3	16	mbs_triticum_15	rhel	multibamsummary
2079.06	7801.84	2	dt3	16	mbs_triticum_15	rhel	multibamsummary
2233.23	7783.95	3	dt3	16	mbs_triticum_15	rhel	multibamsummary
2436.11	7780.64	4	dt3	16	mbs_triticum_15	rhel	multibamsummary
1893.53	7807.38	5	dt3	16	mbs_triticum_15	rhel	multibamsummary
2030.85	8255.66	1	dt3	17	mbs_triticum_15	rhel	multibamsummary
2226.28	8232.18	2	dt3	17	mbs_triticum_15	rhel	multibamsummary
2071.59	8251.05	3	dt3	17	mbs_triticum_15	rhel	multibamsummary
2151.78	8252.4	4	dt3	17	mbs_triticum_15	rhel	multibamsummary
1880.94	8242.92	5	dt3	17	mbs_triticum_15	rhel	multibamsummary
1976.08	8694.25	1	dt3	18	mbs_triticum_15	rhel	multibamsummary
2085.79	8704.25	2	dt3	18	mbs_triticum_15	rhel	multibamsummary
2037.48	8691.37	3	dt3	18	mbs_triticum_15	rhel	multibamsummary
1957.38	8686.44	4	dt3	18	mbs_triticum_15	rhel	multibamsummary
1914.27	8687.67	5	dt3	18	mbs_triticum_15	rhel	multibamsummary
1738.43	9139.74	1	dt3	19	mbs_triticum_15	rhel	multibamsummary
2002.43	9106.6	2	dt3	19	mbs_triticum_15	rhel	multibamsummary
2037.53	9155.39	3	dt3	19	mbs_triticum_15	rhel	multibamsummary
1762.36	9171.97	4	dt3	19	mbs_triticum_15	rhel	multibamsummary
1676.64	9132.38	5	dt3	19	mbs_triticum_15	rhel	multibamsummary
1746.27	9608.2	1	dt3	20	mbs_triticum_15	rhel	multibamsummary
1583.38	9595.88	2	dt3	20	mbs_triticum_15	rhel	multibamsummary
1977.17	9617.35	3	dt3	20	mbs_triticum_15	rhel	multibamsummary
1694.67	9559.28	4	dt3	20	mbs_triticum_15	rhel	multibamsummary
1881.42	9594.34	5	dt3	20	mbs_triticum_15	rhel	multibamsummary
86.16	2692.29	1	dt4	1	cm_human_3	rhel	computeMatrix
84.49	2692.41	2	dt4	1	cm_human_3	rhel	computeMatrix
88.03	2692.42	3	dt4	1	cm_human_3	rhel	computeMatrix
85.52	2690.78	4	dt4	1	cm_human_3	rhel	computeMatrix
84.48	2692.41	5	dt4	1	cm_human_3	rhel	computeMatrix
61.02	2997.02	1	dt4	2	cm_human_3	rhel	computeMatrix
62.7	2994.46	2	dt4	2	cm_human_3	rhel	computeMatrix
71.93	2155.16	3	dt4	2	cm_human_3	rhel	computeMatrix
63.65	2511.2	4	dt4	2	cm_human_3	rhel	computeMatrix
62.71	2995.22	5	dt4	2	cm_human_3	rhel	computeMatrix
54.73	3050.44	1	dt4	3	cm_human_3	rhel	computeMatrix
54.06	3100.16	2	dt4	3	cm_human_3	rhel	computeMatrix
61.23	3049.2	3	dt4	3	cm_human_3	rhel	computeMatrix
53.02	3057.96	4	dt4	3	cm_human_3	rhel	computeMatrix
53.68	3043.67	5	dt4	3	cm_human_3	rhel	computeMatrix
47.49	3051.07	1	dt4	4	cm_human_3	rhel	computeMatrix
40.53	2086.45	2	dt4	4	cm_human_3	rhel	computeMatrix
50.09	3051.36	3	dt4	4	cm_human_3	rhel	computeMatrix
46.86	1965.38	4	dt4	4	cm_human_3	rhel	computeMatrix
41.84	2062.7	5	dt4	4	cm_human_3	rhel	computeMatrix
44.82	1991.01	1	dt4	5	cm_human_3	rhel	computeMatrix
42.15	2080.25	2	dt4	5	cm_human_3	rhel	computeMatrix
42.72	2038.2	3	dt4	5	cm_human_3	rhel	computeMatrix
44.45	1974.7	4	dt4	5	cm_human_3	rhel	computeMatrix
42.23	2072.13	5	dt4	5	cm_human_3	rhel	computeMatrix
46.61	1946.43	1	dt4	6	cm_human_3	rhel	computeMatrix
40.31	2084.34	2	dt4	6	cm_human_3	rhel	computeMatrix
46.55	1948.41	3	dt4	6	cm_human_3	rhel	computeMatrix
44.28	1993.42	4	dt4	6	cm_human_3	rhel	computeMatrix
45.06	1962.56	5	dt4	6	cm_human_3	rhel	computeMatrix
43.47	2035.84	1	dt4	7	cm_human_3	rhel	computeMatrix
43.41	2008.91	2	dt4	7	cm_human_3	rhel	computeMatrix
44.73	2052.41	3	dt4	7	cm_human_3	rhel	computeMatrix
41.02	2074.98	4	dt4	7	cm_human_3	rhel	computeMatrix
44.06	1996.27	5	dt4	7	cm_human_3	rhel	computeMatrix
52.09	3105.56	1	dt4	8	cm_human_3	rhel	computeMatrix
47.21	3020.35	2	dt4	8	cm_human_3	rhel	computeMatrix
43.48	1998.54	3	dt4	8	cm_human_3	rhel	computeMatrix
46.17	1948.93	4	dt4	8	cm_human_3	rhel	computeMatrix
45.47	1964.66	5	dt4	8	cm_human_3	rhel	computeMatrix
46.5	1952.99	1	dt4	9	cm_human_3	rhel	computeMatrix
47.62	3019.08	2	dt4	9	cm_human_3	rhel	computeMatrix
47.7	3105.62	3	dt4	9	cm_human_3	rhel	computeMatrix
42.68	2048.86	4	dt4	9	cm_human_3	rhel	computeMatrix
45.55	1963.33	5	dt4	9	cm_human_3	rhel	computeMatrix
46.64	1975.29	1	dt4	10	cm_human_3	rhel	computeMatrix
48.24	3059.68	2	dt4	10	cm_human_3	rhel	computeMatrix
48.7	3053.61	3	dt4	10	cm_human_3	rhel	computeMatrix
39.88	2093.45	4	dt4	10	cm_human_3	rhel	computeMatrix
44.57	1995.47	5	dt4	10	cm_human_3	rhel	computeMatrix
49.81	3074.45	1	dt4	11	cm_human_3	rhel	computeMatrix
46.21	2048.48	2	dt4	11	cm_human_3	rhel	computeMatrix
41.48	2080.05	3	dt4	11	cm_human_3	rhel	computeMatrix
42.46	2028.39	4	dt4	11	cm_human_3	rhel	computeMatrix
38.66	2114.18	5	dt4	11	cm_human_3	rhel	computeMatrix
39.51	2101.57	1	dt4	12	cm_human_3	rhel	computeMatrix
40.82	2082.18	2	dt4	12	cm_human_3	rhel	computeMatrix
42.14	2042.1	3	dt4	12	cm_human_3	rhel	computeMatrix
44.17	1997.43	4	dt4	12	cm_human_3	rhel	computeMatrix
41.26	2050.54	5	dt4	12	cm_human_3	rhel	computeMatrix
41.78	2069.91	1	dt4	13	cm_human_3	rhel	computeMatrix
43.87	2013.66	2	dt4	13	cm_human_3	rhel	computeMatrix
56.56	3085.07	3	dt4	13	cm_human_3	rhel	computeMatrix
41.18	2077.08	4	dt4	13	cm_human_3	rhel	computeMatrix
43.35	2051.02	5	dt4	13	cm_human_3	rhel	computeMatrix
42.41	2036.26	1	dt4	14	cm_human_3	rhel	computeMatrix
40.4	2081.75	2	dt4	14	cm_human_3	rhel	computeMatrix
41.08	2043.3	3	dt4	14	cm_human_3	rhel	computeMatrix
40.73	2079.37	4	dt4	14	cm_human_3	rhel	computeMatrix
41.26	2074.48	5	dt4	14	cm_human_3	rhel	computeMatrix
41.0	2068.18	1	dt4	15	cm_human_3	rhel	computeMatrix
48.64	3044.53	2	dt4	15	cm_human_3	rhel	computeMatrix
48.69	3044.83	3	dt4	15	cm_human_3	rhel	computeMatrix
45.86	1993.23	4	dt4	15	cm_human_3	rhel	computeMatrix
45.58	1950.47	5	dt4	15	cm_human_3	rhel	computeMatrix
43.66	2017.55	1	dt4	16	cm_human_3	rhel	computeMatrix
40.52	2063.52	2	dt4	16	cm_human_3	rhel	computeMatrix
42.59	2032.34	3	dt4	16	cm_human_3	rhel	computeMatrix
41.11	2074.29	4	dt4	16	cm_human_3	rhel	computeMatrix
41.18	2064.95	5	dt4	16	cm_human_3	rhel	computeMatrix
45.98	1965.51	1	dt4	17	cm_human_3	rhel	computeMatrix
41.55	2023.01	2	dt4	17	cm_human_3	rhel	computeMatrix
40.02	2085.89	3	dt4	17	cm_human_3	rhel	computeMatrix
40.62	2081.97	4	dt4	17	cm_human_3	rhel	computeMatrix
41.07	2063.3	5	dt4	17	cm_human_3	rhel	computeMatrix
39.98	2075.38	1	dt4	18	cm_human_3	rhel	computeMatrix
45.22	1991.85	2	dt4	18	cm_human_3	rhel	computeMatrix
40.51	2068.36	3	dt4	18	cm_human_3	rhel	computeMatrix
48.31	3056.45	4	dt4	18	cm_human_3	rhel	computeMatrix
39.77	2083.88	5	dt4	18	cm_human_3	rhel	computeMatrix
43.16	2043.21	1	dt4	19	cm_human_3	rhel	computeMatrix
43.14	2043.11	2	dt4	19	cm_human_3	rhel	computeMatrix
44.83	2008.85	3	dt4	19	cm_human_3	rhel	computeMatrix
42.71	2019.83	4	dt4	19	cm_human_3	rhel	computeMatrix
42.97	2047.53	5	dt4	19	cm_human_3	rhel	computeMatrix
44.97	2006.03	1	dt4	20	cm_human_3	rhel	computeMatrix
42.41	2016.57	2	dt4	20	cm_human_3	rhel	computeMatrix
40.95	2076.02	3	dt4	20	cm_human_3	rhel	computeMatrix
41.81	2053.44	4	dt4	20	cm_human_3	rhel	computeMatrix
40.63	2080.42	5	dt4	20	cm_human_3	rhel	computeMatrix
371.29	6468.09	1	dt4	1	cm_human_15	rhel	computeMatrix
379.32	6469.8	2	dt4	1	cm_human_15	rhel	computeMatrix
376.44	6469.8	3	dt4	1	cm_human_15	rhel	computeMatrix
386.36	6469.79	4	dt4	1	cm_human_15	rhel	computeMatrix
389.35	6470.89	5	dt4	1	cm_human_15	rhel	computeMatrix
228.72	7397.42	1	dt4	2	cm_human_15	rhel	computeMatrix
227.3	7399.13	2	dt4	2	cm_human_15	rhel	computeMatrix
230.99	7396.43	3	dt4	2	cm_human_15	rhel	computeMatrix
225.64	7652.26	4	dt4	2	cm_human_15	rhel	computeMatrix
232.94	7652.55	5	dt4	2	cm_human_15	rhel	computeMatrix
227.0	7975.53	1	dt4	3	cm_human_15	rhel	computeMatrix
258.18	7446.79	2	dt4	3	cm_human_15	rhel	computeMatrix
183.91	8260.42	3	dt4	3	cm_human_15	rhel	computeMatrix
200.26	8069.3	4	dt4	3	cm_human_15	rhel	computeMatrix
169.16	7551.82	5	dt4	3	cm_human_15	rhel	computeMatrix
155.29	8086.05	1	dt4	4	cm_human_15	rhel	computeMatrix
171.0	7766.29	2	dt4	4	cm_human_15	rhel	computeMatrix
151.34	8024.32	3	dt4	4	cm_human_15	rhel	computeMatrix
150.57	8130.34	4	dt4	4	cm_human_15	rhel	computeMatrix
152.05	8764.58	5	dt4	4	cm_human_15	rhel	computeMatrix
145.01	7810.68	1	dt4	5	cm_human_15	rhel	computeMatrix
136.99	8225.3	2	dt4	5	cm_human_15	rhel	computeMatrix
148.38	7730.02	3	dt4	5	cm_human_15	rhel	computeMatrix
142.18	7982.68	4	dt4	5	cm_human_15	rhel	computeMatrix
144.88	8284.56	5	dt4	5	cm_human_15	rhel	computeMatrix
137.03	8369.48	1	dt4	6	cm_human_15	rhel	computeMatrix
139.86	8435.18	2	dt4	6	cm_human_15	rhel	computeMatrix
140.23	8420.19	3	dt4	6	cm_human_15	rhel	computeMatrix
135.39	8187.57	4	dt4	6	cm_human_15	rhel	computeMatrix
137.11	7996.5	5	dt4	6	cm_human_15	rhel	computeMatrix
131.44	8767.28	1	dt4	7	cm_human_15	rhel	computeMatrix
126.81	8672.01	2	dt4	7	cm_human_15	rhel	computeMatrix
131.02	8356.16	3	dt4	7	cm_human_15	rhel	computeMatrix
130.41	8224.01	4	dt4	7	cm_human_15	rhel	computeMatrix
130.93	8668.47	5	dt4	7	cm_human_15	rhel	computeMatrix
111.5	8272.82	1	dt4	8	cm_human_15	rhel	computeMatrix
122.02	8981.68	2	dt4	8	cm_human_15	rhel	computeMatrix
128.17	8526.26	3	dt4	8	cm_human_15	rhel	computeMatrix
112.33	8302.25	4	dt4	8	cm_human_15	rhel	computeMatrix
116.88	8683.95	5	dt4	8	cm_human_15	rhel	computeMatrix
121.26	8655.12	1	dt4	9	cm_human_15	rhel	computeMatrix
113.7	9019.22	2	dt4	9	cm_human_15	rhel	computeMatrix
114.15	8801.07	3	dt4	9	cm_human_15	rhel	computeMatrix
125.33	8713.85	4	dt4	9	cm_human_15	rhel	computeMatrix
114.81	9128.6	5	dt4	9	cm_human_15	rhel	computeMatrix
114.45	9259.16	1	dt4	10	cm_human_15	rhel	computeMatrix
110.39	9133.1	2	dt4	10	cm_human_15	rhel	computeMatrix
119.13	9366.42	3	dt4	10	cm_human_15	rhel	computeMatrix
116.77	8782.16	4	dt4	10	cm_human_15	rhel	computeMatrix
118.7	8765.63	5	dt4	10	cm_human_15	rhel	computeMatrix
109.37	9121.79	1	dt4	11	cm_human_15	rhel	computeMatrix
110.47	8739.13	2	dt4	11	cm_human_15	rhel	computeMatrix
109.63	9381.6	3	dt4	11	cm_human_15	rhel	computeMatrix
111.58	9308.06	4	dt4	11	cm_human_15	rhel	computeMatrix
109.92	9339.69	5	dt4	11	cm_human_15	rhel	computeMatrix
113.12	9007.76	1	dt4	12	cm_human_15	rhel	computeMatrix
116.78	9249.46	2	dt4	12	cm_human_15	rhel	computeMatrix
112.25	8894.58	3	dt4	12	cm_human_15	rhel	computeMatrix
111.26	9043.66	4	dt4	12	cm_human_15	rhel	computeMatrix
110.28	8977.2	5	dt4	12	cm_human_15	rhel	computeMatrix
109.97	9194.88	1	dt4	13	cm_human_15	rhel	computeMatrix
111.87	9725.81	2	dt4	13	cm_human_15	rhel	computeMatrix
116.72	9161.25	3	dt4	13	cm_human_15	rhel	computeMatrix
108.17	9381.05	4	dt4	13	cm_human_15	rhel	computeMatrix
110.58	9693.75	5	dt4	13	cm_human_15	rhel	computeMatrix
116.72	9057.86	1	dt4	14	cm_human_15	rhel	computeMatrix
122.13	9417.79	2	dt4	14	cm_human_15	rhel	computeMatrix
119.52	8993.05	3	dt4	14	cm_human_15	rhel	computeMatrix
111.8	9193.73	4	dt4	14	cm_human_15	rhel	computeMatrix
112.04	9376.23	5	dt4	14	cm_human_15	rhel	computeMatrix
93.57	9640.52	1	dt4	15	cm_human_15	rhel	computeMatrix
98.24	9902.06	2	dt4	15	cm_human_15	rhel	computeMatrix
97.68	9514.27	3	dt4	15	cm_human_15	rhel	computeMatrix
99.88	9575.42	4	dt4	15	cm_human_15	rhel	computeMatrix
101.55	9510.05	5	dt4	15	cm_human_15	rhel	computeMatrix
96.88	10142.34	1	dt4	16	cm_human_15	rhel	computeMatrix
90.92	9433.38	2	dt4	16	cm_human_15	rhel	computeMatrix
96.69	9745.51	3	dt4	16	cm_human_15	rhel	computeMatrix
95.05	9945.95	4	dt4	16	cm_human_15	rhel	computeMatrix
98.57	9309.91	5	dt4	16	cm_human_15	rhel	computeMatrix
92.73	9738.62	1	dt4	17	cm_human_15	rhel	computeMatrix
94.52	9470.56	2	dt4	17	cm_human_15	rhel	computeMatrix
94.54	9523.98	3	dt4	17	cm_human_15	rhel	computeMatrix
95.77	9286.84	4	dt4	17	cm_human_15	rhel	computeMatrix
96.42	9739.98	5	dt4	17	cm_human_15	rhel	computeMatrix
96.92	9575.85	1	dt4	18	cm_human_15	rhel	computeMatrix
95.88	9638.85	2	dt4	18	cm_human_15	rhel	computeMatrix
94.79	9323.88	3	dt4	18	cm_human_15	rhel	computeMatrix
95.16	9688.37	4	dt4	18	cm_human_15	rhel	computeMatrix
90.92	10154.73	5	dt4	18	cm_human_15	rhel	computeMatrix
93.69	9985.4	1	dt4	19	cm_human_15	rhel	computeMatrix
209.37	9794.68	2	dt4	19	cm_human_15	rhel	computeMatrix
217.88	9667.23	3	dt4	19	cm_human_15	rhel	computeMatrix
92.22	9935.38	4	dt4	19	cm_human_15	rhel	computeMatrix
92.23	9264.48	5	dt4	19	cm_human_15	rhel	computeMatrix
217.59	9322.48	1	dt4	20	cm_human_15	rhel	computeMatrix
217.64	9500.02	2	dt4	20	cm_human_15	rhel	computeMatrix
90.41	9679.68	3	dt4	20	cm_human_15	rhel	computeMatrix
93.3	9726.57	4	dt4	20	cm_human_15	rhel	computeMatrix
93.08	10112.99	5	dt4	20	cm_human_15	rhel	computeMatrix
121.86	1576.8	1	dt4	1	cm_triticum_3	rhel	computeMatrix
114.62	1977.34	2	dt4	1	cm_triticum_3	rhel	computeMatrix
118.19	1977.96	3	dt4	1	cm_triticum_3	rhel	computeMatrix
113.15	1976.44	4	dt4	1	cm_triticum_3	rhel	computeMatrix
112.35	1977.34	5	dt4	1	cm_triticum_3	rhel	computeMatrix
62.56	1601.04	1	dt4	2	cm_triticum_3	rhel	computeMatrix
86.31	2196.21	2	dt4	2	cm_triticum_3	rhel	computeMatrix
178.0	2198.7	3	dt4	2	cm_triticum_3	rhel	computeMatrix
53.92	2673.39	4	dt4	2	cm_triticum_3	rhel	computeMatrix
61.53	1627.91	5	dt4	2	cm_triticum_3	rhel	computeMatrix
203.5	2259.05	1	dt4	3	cm_triticum_3	rhel	computeMatrix
132.6	3986.93	2	dt4	3	cm_triticum_3	rhel	computeMatrix
34.48	4069.58	3	dt4	3	cm_triticum_3	rhel	computeMatrix
74.94	3720.74	4	dt4	3	cm_triticum_3	rhel	computeMatrix
71.63	1979.25	5	dt4	3	cm_triticum_3	rhel	computeMatrix
127.22	3909.43	1	dt4	4	cm_triticum_3	rhel	computeMatrix
85.28	2481.75	2	dt4	4	cm_triticum_3	rhel	computeMatrix
51.87	3269.15	3	dt4	4	cm_triticum_3	rhel	computeMatrix
64.17	1687.9	4	dt4	4	cm_triticum_3	rhel	computeMatrix
64.88	2405.05	5	dt4	4	cm_triticum_3	rhel	computeMatrix
69.43	2937.72	1	dt4	5	cm_triticum_3	rhel	computeMatrix
44.86	2593.3	2	dt4	5	cm_triticum_3	rhel	computeMatrix
63.18	3999.09	3	dt4	5	cm_triticum_3	rhel	computeMatrix
71.55	3681.7	4	dt4	5	cm_triticum_3	rhel	computeMatrix
73.49	3696.9	5	dt4	5	cm_triticum_3	rhel	computeMatrix
80.79	2780.21	1	dt4	6	cm_triticum_3	rhel	computeMatrix
78.42	3625.08	2	dt4	6	cm_triticum_3	rhel	computeMatrix
37.78	5217.07	3	dt4	6	cm_triticum_3	rhel	computeMatrix
72.18	2693.69	4	dt4	6	cm_triticum_3	rhel	computeMatrix
66.0	1713.12	5	dt4	6	cm_triticum_3	rhel	computeMatrix
67.57	4004.02	1	dt4	7	cm_triticum_3	rhel	computeMatrix
63.28	2887.75	2	dt4	7	cm_triticum_3	rhel	computeMatrix
59.52	3606.19	3	dt4	7	cm_triticum_3	rhel	computeMatrix
33.78	4987.42	4	dt4	7	cm_triticum_3	rhel	computeMatrix
58.7	4048.55	5	dt4	7	cm_triticum_3	rhel	computeMatrix
67.58	4053.88	1	dt4	8	cm_triticum_3	rhel	computeMatrix
76.38	3985.17	2	dt4	8	cm_triticum_3	rhel	computeMatrix
61.79	3873.25	3	dt4	8	cm_triticum_3	rhel	computeMatrix
74.07	3366.28	4	dt4	8	cm_triticum_3	rhel	computeMatrix
68.49	4054.15	5	dt4	8	cm_triticum_3	rhel	computeMatrix
60.33	3277.46	1	dt4	9	cm_triticum_3	rhel	computeMatrix
78.24	3980.35	2	dt4	9	cm_triticum_3	rhel	computeMatrix
80.24	3597.89	3	dt4	9	cm_triticum_3	rhel	computeMatrix
71.85	4000.13	4	dt4	9	cm_triticum_3	rhel	computeMatrix
32.7	4093.84	5	dt4	9	cm_triticum_3	rhel	computeMatrix
30.45	7059.05	1	dt4	10	cm_triticum_3	rhel	computeMatrix
32.43	6849.05	2	dt4	10	cm_triticum_3	rhel	computeMatrix
33.1	7879.29	3	dt4	10	cm_triticum_3	rhel	computeMatrix
74.31	1689.57	4	dt4	10	cm_triticum_3	rhel	computeMatrix
70.12	4054.18	5	dt4	10	cm_triticum_3	rhel	computeMatrix
31.34	5438.55	1	dt4	11	cm_triticum_3	rhel	computeMatrix
32.41	6711.14	2	dt4	11	cm_triticum_3	rhel	computeMatrix
59.78	4051.85	3	dt4	11	cm_triticum_3	rhel	computeMatrix
74.31	3979.55	4	dt4	11	cm_triticum_3	rhel	computeMatrix
73.87	1682.48	5	dt4	11	cm_triticum_3	rhel	computeMatrix
36.76	4094.95	1	dt4	12	cm_triticum_3	rhel	computeMatrix
33.04	9335.34	2	dt4	12	cm_triticum_3	rhel	computeMatrix
30.22	7132.07	3	dt4	12	cm_triticum_3	rhel	computeMatrix
37.5	4106.73	4	dt4	12	cm_triticum_3	rhel	computeMatrix
37.72	4115.05	5	dt4	12	cm_triticum_3	rhel	computeMatrix
32.51	4081.48	1	dt4	13	cm_triticum_3	rhel	computeMatrix
33.11	4066.98	2	dt4	13	cm_triticum_3	rhel	computeMatrix
30.96	4057.38	3	dt4	13	cm_triticum_3	rhel	computeMatrix
33.93	2519.3	4	dt4	13	cm_triticum_3	rhel	computeMatrix
63.26	3069.69	5	dt4	13	cm_triticum_3	rhel	computeMatrix
32.06	5288.1	1	dt4	14	cm_triticum_3	rhel	computeMatrix
30.57	5010.0	2	dt4	14	cm_triticum_3	rhel	computeMatrix
30.21	4343.26	3	dt4	14	cm_triticum_3	rhel	computeMatrix
70.58	1838.02	4	dt4	14	cm_triticum_3	rhel	computeMatrix
79.15	2220.16	5	dt4	14	cm_triticum_3	rhel	computeMatrix
102.9	1601.77	1	dt4	15	cm_triticum_3	rhel	computeMatrix
102.98	1595.42	2	dt4	15	cm_triticum_3	rhel	computeMatrix
31.32	6952.42	3	dt4	15	cm_triticum_3	rhel	computeMatrix
69.39	3667.43	4	dt4	15	cm_triticum_3	rhel	computeMatrix
33.35	4093.24	5	dt4	15	cm_triticum_3	rhel	computeMatrix
31.71	4855.47	1	dt4	16	cm_triticum_3	rhel	computeMatrix
31.7	5542.71	2	dt4	16	cm_triticum_3	rhel	computeMatrix
33.29	6698.63	3	dt4	16	cm_triticum_3	rhel	computeMatrix
36.36	4104.57	4	dt4	16	cm_triticum_3	rhel	computeMatrix
36.57	4099.98	5	dt4	16	cm_triticum_3	rhel	computeMatrix
33.22	6476.52	1	dt4	17	cm_triticum_3	rhel	computeMatrix
34.44	4072.55	2	dt4	17	cm_triticum_3	rhel	computeMatrix
30.69	6604.66	3	dt4	17	cm_triticum_3	rhel	computeMatrix
79.17	2233.99	4	dt4	17	cm_triticum_3	rhel	computeMatrix
73.37	3975.55	5	dt4	17	cm_triticum_3	rhel	computeMatrix
78.38	2235.5	1	dt4	18	cm_triticum_3	rhel	computeMatrix
79.78	2299.69	2	dt4	18	cm_triticum_3	rhel	computeMatrix
78.17	2245.14	3	dt4	18	cm_triticum_3	rhel	computeMatrix
56.29	3997.08	4	dt4	18	cm_triticum_3	rhel	computeMatrix
68.55	4061.93	5	dt4	18	cm_triticum_3	rhel	computeMatrix
34.81	4669.53	1	dt4	19	cm_triticum_3	rhel	computeMatrix
30.9	3705.22	2	dt4	19	cm_triticum_3	rhel	computeMatrix
34.98	4178.68	3	dt4	19	cm_triticum_3	rhel	computeMatrix
73.57	2425.55	4	dt4	19	cm_triticum_3	rhel	computeMatrix
74.58	4068.66	5	dt4	19	cm_triticum_3	rhel	computeMatrix
30.95	6696.76	1	dt4	20	cm_triticum_3	rhel	computeMatrix
37.64	4053.44	2	dt4	20	cm_triticum_3	rhel	computeMatrix
68.9	3971.35	3	dt4	20	cm_triticum_3	rhel	computeMatrix
73.44	1687.6	4	dt4	20	cm_triticum_3	rhel	computeMatrix
30.73	6691.04	5	dt4	20	cm_triticum_3	rhel	computeMatrix
524.76	4741.91	1	dt4	1	cm_triticum_15	rhel	computeMatrix
516.28	4741.91	2	dt4	1	cm_triticum_15	rhel	computeMatrix
469.02	4740.06	3	dt4	1	cm_triticum_15	rhel	computeMatrix
342.78	4741.89	4	dt4	1	cm_triticum_15	rhel	computeMatrix
571.29	4823.41	5	dt4	1	cm_triticum_15	rhel	computeMatrix
294.86	7096.7	1	dt4	2	cm_triticum_15	rhel	computeMatrix
196.81	5625.04	2	dt4	2	cm_triticum_15	rhel	computeMatrix
240.58	5622.55	3	dt4	2	cm_triticum_15	rhel	computeMatrix
206.87	5625.41	4	dt4	2	cm_triticum_15	rhel	computeMatrix
209.72	5623.01	5	dt4	2	cm_triticum_15	rhel	computeMatrix
206.8	5578.11	1	dt4	3	cm_triticum_15	rhel	computeMatrix
166.63	5784.32	2	dt4	3	cm_triticum_15	rhel	computeMatrix
194.24	5817.77	3	dt4	3	cm_triticum_15	rhel	computeMatrix
155.46	5501.25	4	dt4	3	cm_triticum_15	rhel	computeMatrix
148.13	5736.73	5	dt4	3	cm_triticum_15	rhel	computeMatrix
133.9	5990.06	1	dt4	4	cm_triticum_15	rhel	computeMatrix
160.1	7107.93	2	dt4	4	cm_triticum_15	rhel	computeMatrix
134.07	6805.24	3	dt4	4	cm_triticum_15	rhel	computeMatrix
135.38	5993.33	4	dt4	4	cm_triticum_15	rhel	computeMatrix
142.91	5819.72	5	dt4	4	cm_triticum_15	rhel	computeMatrix
114.81	6961.16	1	dt4	5	cm_triticum_15	rhel	computeMatrix
108.04	6933.02	2	dt4	5	cm_triticum_15	rhel	computeMatrix
105.34	6897.24	3	dt4	5	cm_triticum_15	rhel	computeMatrix
107.32	6912.5	4	dt4	5	cm_triticum_15	rhel	computeMatrix
126.75	6201.51	5	dt4	5	cm_triticum_15	rhel	computeMatrix
115.68	6897.56	1	dt4	6	cm_triticum_15	rhel	computeMatrix
114.65	6879.1	2	dt4	6	cm_triticum_15	rhel	computeMatrix
108.2	6900.22	3	dt4	6	cm_triticum_15	rhel	computeMatrix
107.25	5960.91	4	dt4	6	cm_triticum_15	rhel	computeMatrix
108.94	8969.8	5	dt4	6	cm_triticum_15	rhel	computeMatrix
104.17	6952.69	1	dt4	7	cm_triticum_15	rhel	computeMatrix
105.81	6096.47	2	dt4	7	cm_triticum_15	rhel	computeMatrix
103.45	9781.56	3	dt4	7	cm_triticum_15	rhel	computeMatrix
105.33	7002.19	4	dt4	7	cm_triticum_15	rhel	computeMatrix
108.29	9304.06	5	dt4	7	cm_triticum_15	rhel	computeMatrix
89.64	7598.25	1	dt4	8	cm_triticum_15	rhel	computeMatrix
88.22	14677.13	2	dt4	8	cm_triticum_15	rhel	computeMatrix
89.5	12384.95	3	dt4	8	cm_triticum_15	rhel	computeMatrix
91.27	14950.42	4	dt4	8	cm_triticum_15	rhel	computeMatrix
97.6	9913.6	5	dt4	8	cm_triticum_15	rhel	computeMatrix
90.37	8266.89	1	dt4	9	cm_triticum_15	rhel	computeMatrix
93.51	12515.38	2	dt4	9	cm_triticum_15	rhel	computeMatrix
94.69	9046.5	3	dt4	9	cm_triticum_15	rhel	computeMatrix
97.4	9893.91	4	dt4	9	cm_triticum_15	rhel	computeMatrix
96.03	9884.74	5	dt4	9	cm_triticum_15	rhel	computeMatrix
96.04	12981.8	1	dt4	10	cm_triticum_15	rhel	computeMatrix
93.58	10049.78	2	dt4	10	cm_triticum_15	rhel	computeMatrix
93.75	13530.73	3	dt4	10	cm_triticum_15	rhel	computeMatrix
87.45	11816.46	4	dt4	10	cm_triticum_15	rhel	computeMatrix
94.54	12627.46	5	dt4	10	cm_triticum_15	rhel	computeMatrix
88.06	12683.42	1	dt4	11	cm_triticum_15	rhel	computeMatrix
89.52	9297.5	2	dt4	11	cm_triticum_15	rhel	computeMatrix
99.59	12217.02	3	dt4	11	cm_triticum_15	rhel	computeMatrix
89.27	10074.25	4	dt4	11	cm_triticum_15	rhel	computeMatrix
88.77	19030.57	5	dt4	11	cm_triticum_15	rhel	computeMatrix
88.34	11261.42	1	dt4	12	cm_triticum_15	rhel	computeMatrix
87.76	10410.8	2	dt4	12	cm_triticum_15	rhel	computeMatrix
88.33	10100.6	3	dt4	12	cm_triticum_15	rhel	computeMatrix
90.07	9535.46	4	dt4	12	cm_triticum_15	rhel	computeMatrix
90.94	12767.78	5	dt4	12	cm_triticum_15	rhel	computeMatrix
195.57	7632.29	1	dt4	13	cm_triticum_15	rhel	computeMatrix
89.47	14515.18	2	dt4	13	cm_triticum_15	rhel	computeMatrix
90.53	10290.21	3	dt4	13	cm_triticum_15	rhel	computeMatrix
92.19	6920.55	4	dt4	13	cm_triticum_15	rhel	computeMatrix
89.73	25357.11	5	dt4	13	cm_triticum_15	rhel	computeMatrix
88.83	14316.51	1	dt4	14	cm_triticum_15	rhel	computeMatrix
90.59	11725.95	2	dt4	14	cm_triticum_15	rhel	computeMatrix
88.23	14065.99	3	dt4	14	cm_triticum_15	rhel	computeMatrix
88.82	18698.65	4	dt4	14	cm_triticum_15	rhel	computeMatrix
96.69	16805.6	5	dt4	14	cm_triticum_15	rhel	computeMatrix
141.93	6923.78	1	dt4	15	cm_triticum_15	rhel	computeMatrix
142.29	7201.44	2	dt4	15	cm_triticum_15	rhel	computeMatrix
75.1	19713.05	3	dt4	15	cm_triticum_15	rhel	computeMatrix
79.66	11568.41	4	dt4	15	cm_triticum_15	rhel	computeMatrix
80.61	11813.99	5	dt4	15	cm_triticum_15	rhel	computeMatrix
82.74	13743.72	1	dt4	16	cm_triticum_15	rhel	computeMatrix
79.82	14785.33	2	dt4	16	cm_triticum_15	rhel	computeMatrix
80.75	15756.92	3	dt4	16	cm_triticum_15	rhel	computeMatrix
77.57	23627.33	4	dt4	16	cm_triticum_15	rhel	computeMatrix
76.96	15604.8	5	dt4	16	cm_triticum_15	rhel	computeMatrix
185.96	12142.46	1	dt4	17	cm_triticum_15	rhel	computeMatrix
185.16	10107.93	2	dt4	17	cm_triticum_15	rhel	computeMatrix
77.32	16727.5	3	dt4	17	cm_triticum_15	rhel	computeMatrix
81.37	15079.91	4	dt4	17	cm_triticum_15	rhel	computeMatrix
77.46	10111.58	5	dt4	17	cm_triticum_15	rhel	computeMatrix
76.4	13838.61	1	dt4	18	cm_triticum_15	rhel	computeMatrix
88.13	15671.73	2	dt4	18	cm_triticum_15	rhel	computeMatrix
185.29	9680.75	3	dt4	18	cm_triticum_15	rhel	computeMatrix
78.87	23992.0	4	dt4	18	cm_triticum_15	rhel	computeMatrix
75.7	28359.01	5	dt4	18	cm_triticum_15	rhel	computeMatrix
121.81	6891.57	1	dt4	19	cm_triticum_15	rhel	computeMatrix
78.67	15674.12	2	dt4	19	cm_triticum_15	rhel	computeMatrix
77.46	15750.3	3	dt4	19	cm_triticum_15	rhel	computeMatrix
73.77	18554.33	4	dt4	19	cm_triticum_15	rhel	computeMatrix
75.24	25803.06	5	dt4	19	cm_triticum_15	rhel	computeMatrix
75.24	12620.19	1	dt4	20	cm_triticum_15	rhel	computeMatrix
83.94	14263.32	2	dt4	20	cm_triticum_15	rhel	computeMatrix
86.54	15331.44	3	dt4	20	cm_triticum_15	rhel	computeMatrix
76.17	20728.08	4	dt4	20	cm_triticum_15	rhel	computeMatrix
75.33	15719.55	5	dt4	20	cm_triticum_15	rhel	computeMatrix
1922.6	1241.92	1	dt3	1	cm_human_3	rhel	computeMatrix
1918.87	1243.1	2	dt3	1	cm_human_3	rhel	computeMatrix
1930.15	1243.55	3	dt3	1	cm_human_3	rhel	computeMatrix
1940.69	1241.75	4	dt3	1	cm_human_3	rhel	computeMatrix
1936.6	1241.46	5	dt3	1	cm_human_3	rhel	computeMatrix
1086.43	1764.2	1	dt3	2	cm_human_3	rhel	computeMatrix
1179.72	1733.96	2	dt3	2	cm_human_3	rhel	computeMatrix
1048.12	1697.76	3	dt3	2	cm_human_3	rhel	computeMatrix
1063.69	1750.84	4	dt3	2	cm_human_3	rhel	computeMatrix
1149.07	1749.41	5	dt3	2	cm_human_3	rhel	computeMatrix
783.92	2147.66	1	dt3	3	cm_human_3	rhel	computeMatrix
855.02	1959.61	2	dt3	3	cm_human_3	rhel	computeMatrix
790.67	2305.27	3	dt3	3	cm_human_3	rhel	computeMatrix
856.98	2425.67	4	dt3	3	cm_human_3	rhel	computeMatrix
1000.55	2019.98	5	dt3	3	cm_human_3	rhel	computeMatrix
687.48	2234.91	1	dt3	4	cm_human_3	rhel	computeMatrix
597.04	2259.58	2	dt3	4	cm_human_3	rhel	computeMatrix
613.69	2205.19	3	dt3	4	cm_human_3	rhel	computeMatrix
762.12	2215.07	4	dt3	4	cm_human_3	rhel	computeMatrix
621.03	2269.78	5	dt3	4	cm_human_3	rhel	computeMatrix
573.07	2447.48	1	dt3	5	cm_human_3	rhel	computeMatrix
593.69	2482.6	2	dt3	5	cm_human_3	rhel	computeMatrix
640.46	3292.5	3	dt3	5	cm_human_3	rhel	computeMatrix
555.99	2437.56	4	dt3	5	cm_human_3	rhel	computeMatrix
505.68	2434.01	5	dt3	5	cm_human_3	rhel	computeMatrix
479.35	2764.27	1	dt3	6	cm_human_3	rhel	computeMatrix
506.78	2735.68	2	dt3	6	cm_human_3	rhel	computeMatrix
449.73	2662.58	3	dt3	6	cm_human_3	rhel	computeMatrix
698.32	2707.95	4	dt3	6	cm_human_3	rhel	computeMatrix
535.79	2677.36	5	dt3	6	cm_human_3	rhel	computeMatrix
447.34	2951.56	1	dt3	7	cm_human_3	rhel	computeMatrix
464.51	2958.9	2	dt3	7	cm_human_3	rhel	computeMatrix
455.24	2925.9	3	dt3	7	cm_human_3	rhel	computeMatrix
470.44	2947.03	4	dt3	7	cm_human_3	rhel	computeMatrix
573.15	2896.12	5	dt3	7	cm_human_3	rhel	computeMatrix
488.63	3138.44	1	dt3	8	cm_human_3	rhel	computeMatrix
470.1	3143.07	2	dt3	8	cm_human_3	rhel	computeMatrix
411.84	3146.48	3	dt3	8	cm_human_3	rhel	computeMatrix
615.98	3169.16	4	dt3	8	cm_human_3	rhel	computeMatrix
412.69	3090.16	5	dt3	8	cm_human_3	rhel	computeMatrix
501.95	3348.31	1	dt3	9	cm_human_3	rhel	computeMatrix
473.47	3322.92	2	dt3	9	cm_human_3	rhel	computeMatrix
505.07	3321.94	3	dt3	9	cm_human_3	rhel	computeMatrix
481.13	3389.87	4	dt3	9	cm_human_3	rhel	computeMatrix
450.39	3308.18	5	dt3	9	cm_human_3	rhel	computeMatrix
458.18	3647.2	1	dt3	10	cm_human_3	rhel	computeMatrix
391.76	3625.84	2	dt3	10	cm_human_3	rhel	computeMatrix
474.19	3579.75	3	dt3	10	cm_human_3	rhel	computeMatrix
447.0	3586.42	4	dt3	10	cm_human_3	rhel	computeMatrix
380.81	3546.16	5	dt3	10	cm_human_3	rhel	computeMatrix
348.62	3855.02	1	dt3	11	cm_human_3	rhel	computeMatrix
410.43	3880.54	2	dt3	11	cm_human_3	rhel	computeMatrix
407.75	3774.26	3	dt3	11	cm_human_3	rhel	computeMatrix
564.3	3856.46	4	dt3	11	cm_human_3	rhel	computeMatrix
343.31	3856.76	5	dt3	11	cm_human_3	rhel	computeMatrix
339.04	4060.55	1	dt3	12	cm_human_3	rhel	computeMatrix
373.92	4051.58	2	dt3	12	cm_human_3	rhel	computeMatrix
358.87	4092.59	3	dt3	12	cm_human_3	rhel	computeMatrix
316.74	4068.84	4	dt3	12	cm_human_3	rhel	computeMatrix
415.37	4119.13	5	dt3	12	cm_human_3	rhel	computeMatrix
399.07	4283.13	1	dt3	13	cm_human_3	rhel	computeMatrix
289.45	4214.14	2	dt3	13	cm_human_3	rhel	computeMatrix
347.0	4304.76	3	dt3	13	cm_human_3	rhel	computeMatrix
352.96	4363.83	4	dt3	13	cm_human_3	rhel	computeMatrix
286.91	4327.64	5	dt3	13	cm_human_3	rhel	computeMatrix
311.1	4523.81	1	dt3	14	cm_human_3	rhel	computeMatrix
322.21	4558.54	2	dt3	14	cm_human_3	rhel	computeMatrix
359.6	4560.76	3	dt3	14	cm_human_3	rhel	computeMatrix
346.28	4567.41	4	dt3	14	cm_human_3	rhel	computeMatrix
365.16	4535.75	5	dt3	14	cm_human_3	rhel	computeMatrix
334.43	4794.1	1	dt3	15	cm_human_3	rhel	computeMatrix
295.15	4711.89	2	dt3	15	cm_human_3	rhel	computeMatrix
348.19	4721.93	3	dt3	15	cm_human_3	rhel	computeMatrix
345.03	4801.47	4	dt3	15	cm_human_3	rhel	computeMatrix
347.77	4744.77	5	dt3	15	cm_human_3	rhel	computeMatrix
331.34	5030.53	1	dt3	16	cm_human_3	rhel	computeMatrix
356.42	5019.92	2	dt3	16	cm_human_3	rhel	computeMatrix
333.18	4943.01	3	dt3	16	cm_human_3	rhel	computeMatrix
346.17	4962.27	4	dt3	16	cm_human_3	rhel	computeMatrix
312.67	4979.1	5	dt3	16	cm_human_3	rhel	computeMatrix
322.64	5184.33	1	dt3	17	cm_human_3	rhel	computeMatrix
285.96	5169.77	2	dt3	17	cm_human_3	rhel	computeMatrix
366.94	5300.16	3	dt3	17	cm_human_3	rhel	computeMatrix
358.56	5190.45	4	dt3	17	cm_human_3	rhel	computeMatrix
315.23	5206.43	5	dt3	17	cm_human_3	rhel	computeMatrix
281.25	5403.18	1	dt3	18	cm_human_3	rhel	computeMatrix
284.57	5401.58	2	dt3	18	cm_human_3	rhel	computeMatrix
279.38	5392.18	3	dt3	18	cm_human_3	rhel	computeMatrix
276.84	5414.45	4	dt3	18	cm_human_3	rhel	computeMatrix
286.86	5405.21	5	dt3	18	cm_human_3	rhel	computeMatrix
303.51	5657.11	1	dt3	19	cm_human_3	rhel	computeMatrix
338.91	5693.22	2	dt3	19	cm_human_3	rhel	computeMatrix
300.91	5641.95	3	dt3	19	cm_human_3	rhel	computeMatrix
297.2	5689.57	4	dt3	19	cm_human_3	rhel	computeMatrix
352.62	5659.4	5	dt3	19	cm_human_3	rhel	computeMatrix
332.17	5805.62	1	dt3	20	cm_human_3	rhel	computeMatrix
277.52	5815.85	2	dt3	20	cm_human_3	rhel	computeMatrix
276.74	5809.96	3	dt3	20	cm_human_3	rhel	computeMatrix
301.56	5879.14	4	dt3	20	cm_human_3	rhel	computeMatrix
316.84	5881.23	5	dt3	20	cm_human_3	rhel	computeMatrix
9493.22	5369.93	1	dt3	1	cm_human_15	rhel	computeMatrix
9560.4	5367.52	2	dt3	1	cm_human_15	rhel	computeMatrix
9514.25	5366.86	3	dt3	1	cm_human_15	rhel	computeMatrix
9598.84	7496.08	4	dt3	1	cm_human_15	rhel	computeMatrix
9483.03	5366.43	5	dt3	1	cm_human_15	rhel	computeMatrix
5096.89	5431.34	1	dt3	2	cm_human_15	rhel	computeMatrix
5158.04	5428.23	2	dt3	2	cm_human_15	rhel	computeMatrix
5213.4	5646.3	3	dt3	2	cm_human_15	rhel	computeMatrix
5289.02	5414.29	4	dt3	2	cm_human_15	rhel	computeMatrix
5755.19	5418.77	5	dt3	2	cm_human_15	rhel	computeMatrix
3766.29	5633.53	1	dt3	3	cm_human_15	rhel	computeMatrix
3683.57	5612.81	2	dt3	3	cm_human_15	rhel	computeMatrix
4109.37	6023.56	3	dt3	3	cm_human_15	rhel	computeMatrix
3675.74	5614.31	4	dt3	3	cm_human_15	rhel	computeMatrix
4153.74	9736.02	5	dt3	3	cm_human_15	rhel	computeMatrix
3522.57	5849.68	1	dt3	4	cm_human_15	rhel	computeMatrix
2967.52	5865.4	2	dt3	4	cm_human_15	rhel	computeMatrix
2990.94	5847.89	3	dt3	4	cm_human_15	rhel	computeMatrix
3033.77	5869.89	4	dt3	4	cm_human_15	rhel	computeMatrix
3066.83	8563.67	5	dt3	4	cm_human_15	rhel	computeMatrix
3068.27	6075.53	1	dt3	5	cm_human_15	rhel	computeMatrix
2665.87	6058.34	2	dt3	5	cm_human_15	rhel	computeMatrix
2603.75	6070.92	3	dt3	5	cm_human_15	rhel	computeMatrix
3178.84	6080.06	4	dt3	5	cm_human_15	rhel	computeMatrix
3758.24	6097.59	5	dt3	5	cm_human_15	rhel	computeMatrix
1970.52	6326.36	1	dt3	6	cm_human_15	rhel	computeMatrix
2612.54	6322.65	2	dt3	6	cm_human_15	rhel	computeMatrix
2492.98	6325.64	3	dt3	6	cm_human_15	rhel	computeMatrix
2235.41	7025.18	4	dt3	6	cm_human_15	rhel	computeMatrix
2453.64	6635.31	5	dt3	6	cm_human_15	rhel	computeMatrix
2008.95	6525.33	1	dt3	7	cm_human_15	rhel	computeMatrix
1911.87	14913.54	2	dt3	7	cm_human_15	rhel	computeMatrix
2180.5	6534.46	3	dt3	7	cm_human_15	rhel	computeMatrix
1939.63	6536.17	4	dt3	7	cm_human_15	rhel	computeMatrix
2014.48	6531.27	5	dt3	7	cm_human_15	rhel	computeMatrix
2159.42	6778.08	1	dt3	8	cm_human_15	rhel	computeMatrix
1990.93	6781.75	2	dt3	8	cm_human_15	rhel	computeMatrix
1674.33	6770.8	3	dt3	8	cm_human_15	rhel	computeMatrix
2248.46	8960.5	4	dt3	8	cm_human_15	rhel	computeMatrix
1926.2	6752.37	5	dt3	8	cm_human_15	rhel	computeMatrix
1730.71	6993.96	1	dt3	9	cm_human_15	rhel	computeMatrix
1785.42	7292.99	2	dt3	9	cm_human_15	rhel	computeMatrix
2027.53	11078.91	3	dt3	9	cm_human_15	rhel	computeMatrix
2017.98	14674.76	4	dt3	9	cm_human_15	rhel	computeMatrix
2411.02	6988.71	5	dt3	9	cm_human_15	rhel	computeMatrix
1506.97	10028.47	1	dt3	10	cm_human_15	rhel	computeMatrix
1642.99	7630.73	2	dt3	10	cm_human_15	rhel	computeMatrix
1717.15	7226.96	3	dt3	10	cm_human_15	rhel	computeMatrix
1652.58	7231.34	4	dt3	10	cm_human_15	rhel	computeMatrix
1578.35	7232.02	5	dt3	10	cm_human_15	rhel	computeMatrix
1616.15	7457.57	1	dt3	11	cm_human_15	rhel	computeMatrix
1657.56	14864.99	2	dt3	11	cm_human_15	rhel	computeMatrix
1829.95	7442.62	3	dt3	11	cm_human_15	rhel	computeMatrix
2065.01	7448.24	4	dt3	11	cm_human_15	rhel	computeMatrix
2327.07	7445.46	5	dt3	11	cm_human_15	rhel	computeMatrix
1462.6	7658.26	1	dt3	12	cm_human_15	rhel	computeMatrix
1477.89	7675.57	2	dt3	12	cm_human_15	rhel	computeMatrix
1609.83	8108.45	3	dt3	12	cm_human_15	rhel	computeMatrix
1517.61	7681.73	4	dt3	12	cm_human_15	rhel	computeMatrix
1458.15	7697.65	5	dt3	12	cm_human_15	rhel	computeMatrix
1554.41	7906.12	1	dt3	13	cm_human_15	rhel	computeMatrix
1412.64	7901.73	2	dt3	13	cm_human_15	rhel	computeMatrix
1471.86	7918.12	3	dt3	13	cm_human_15	rhel	computeMatrix
1258.35	7911.36	4	dt3	13	cm_human_15	rhel	computeMatrix
1430.95	8311.94	5	dt3	13	cm_human_15	rhel	computeMatrix
1597.43	14863.03	1	dt3	14	cm_human_15	rhel	computeMatrix
1557.8	8116.96	2	dt3	14	cm_human_15	rhel	computeMatrix
1351.25	8543.42	3	dt3	14	cm_human_15	rhel	computeMatrix
1544.64	15162.75	4	dt3	14	cm_human_15	rhel	computeMatrix
1236.18	15139.71	5	dt3	14	cm_human_15	rhel	computeMatrix
1321.48	8357.09	1	dt3	15	cm_human_15	rhel	computeMatrix
1171.54	8378.02	2	dt3	15	cm_human_15	rhel	computeMatrix
1298.89	12969.28	3	dt3	15	cm_human_15	rhel	computeMatrix
1643.27	8380.2	4	dt3	15	cm_human_15	rhel	computeMatrix
1364.29	9482.81	5	dt3	15	cm_human_15	rhel	computeMatrix
1516.37	8916.46	1	dt3	16	cm_human_15	rhel	computeMatrix
1231.5	8609.28	2	dt3	16	cm_human_15	rhel	computeMatrix
1354.96	8572.76	3	dt3	16	cm_human_15	rhel	computeMatrix
1177.82	8572.43	4	dt3	16	cm_human_15	rhel	computeMatrix
1364.99	8574.33	5	dt3	16	cm_human_15	rhel	computeMatrix
1493.22	8894.2	1	dt3	17	cm_human_15	rhel	computeMatrix
1179.94	14610.82	2	dt3	17	cm_human_15	rhel	computeMatrix
1181.32	14667.37	3	dt3	17	cm_human_15	rhel	computeMatrix
1216.82	8780.87	4	dt3	17	cm_human_15	rhel	computeMatrix
1428.29	8829.62	5	dt3	17	cm_human_15	rhel	computeMatrix
1507.09	9036.8	1	dt3	18	cm_human_15	rhel	computeMatrix
1195.68	9059.79	2	dt3	18	cm_human_15	rhel	computeMatrix
1281.58	9033.71	3	dt3	18	cm_human_15	rhel	computeMatrix
1165.18	9056.88	4	dt3	18	cm_human_15	rhel	computeMatrix
1295.37	9030.46	5	dt3	18	cm_human_15	rhel	computeMatrix
1394.11	9301.16	1	dt3	19	cm_human_15	rhel	computeMatrix
1175.32	9925.58	2	dt3	19	cm_human_15	rhel	computeMatrix
1348.03	9303.12	3	dt3	19	cm_human_15	rhel	computeMatrix
1307.85	9252.6	4	dt3	19	cm_human_15	rhel	computeMatrix
1342.59	9275.22	5	dt3	19	cm_human_15	rhel	computeMatrix
1405.2	9507.61	1	dt3	20	cm_human_15	rhel	computeMatrix
1331.19	10920.98	2	dt3	20	cm_human_15	rhel	computeMatrix
1167.71	9532.38	3	dt3	20	cm_human_15	rhel	computeMatrix
1164.63	9500.66	4	dt3	20	cm_human_15	rhel	computeMatrix
1158.67	9542.59	5	dt3	20	cm_human_15	rhel	computeMatrix
1443.34	924.17	1	dt3	1	cm_triticum_3	rhel	computeMatrix
1543.67	925.33	2	dt3	1	cm_triticum_3	rhel	computeMatrix
1463.27	923.44	3	dt3	1	cm_triticum_3	rhel	computeMatrix
1477.38	2315.89	4	dt3	1	cm_triticum_3	rhel	computeMatrix
1456.17	921.17	5	dt3	1	cm_triticum_3	rhel	computeMatrix
830.61	1297.9	1	dt3	2	cm_triticum_3	rhel	computeMatrix
793.03	1317.18	2	dt3	2	cm_triticum_3	rhel	computeMatrix
845.33	1319.79	3	dt3	2	cm_triticum_3	rhel	computeMatrix
953.82	1314.96	4	dt3	2	cm_triticum_3	rhel	computeMatrix
833.98	1297.5	5	dt3	2	cm_triticum_3	rhel	computeMatrix
630.74	1520.6	1	dt3	3	cm_triticum_3	rhel	computeMatrix
646.44	1502.0	2	dt3	3	cm_triticum_3	rhel	computeMatrix
609.8	1516.68	3	dt3	3	cm_triticum_3	rhel	computeMatrix
674.38	1523.42	4	dt3	3	cm_triticum_3	rhel	computeMatrix
629.22	1529.96	5	dt3	3	cm_triticum_3	rhel	computeMatrix
493.95	1654.77	1	dt3	4	cm_triticum_3	rhel	computeMatrix
567.95	1755.04	2	dt3	4	cm_triticum_3	rhel	computeMatrix
486.39	1710.86	3	dt3	4	cm_triticum_3	rhel	computeMatrix
489.69	1772.09	4	dt3	4	cm_triticum_3	rhel	computeMatrix
474.23	1650.59	5	dt3	4	cm_triticum_3	rhel	computeMatrix
497.6	1928.88	1	dt3	5	cm_triticum_3	rhel	computeMatrix
437.93	1925.8	2	dt3	5	cm_triticum_3	rhel	computeMatrix
539.33	1873.03	3	dt3	5	cm_triticum_3	rhel	computeMatrix
531.72	1890.87	4	dt3	5	cm_triticum_3	rhel	computeMatrix
436.66	1866.79	5	dt3	5	cm_triticum_3	rhel	computeMatrix
421.94	2071.3	1	dt3	6	cm_triticum_3	rhel	computeMatrix
347.02	2152.68	2	dt3	6	cm_triticum_3	rhel	computeMatrix
404.81	2139.24	3	dt3	6	cm_triticum_3	rhel	computeMatrix
354.13	2097.63	4	dt3	6	cm_triticum_3	rhel	computeMatrix
331.5	2141.53	5	dt3	6	cm_triticum_3	rhel	computeMatrix
294.02	2234.93	1	dt3	7	cm_triticum_3	rhel	computeMatrix
373.03	2323.07	2	dt3	7	cm_triticum_3	rhel	computeMatrix
331.81	2324.16	3	dt3	7	cm_triticum_3	rhel	computeMatrix
301.93	2212.88	4	dt3	7	cm_triticum_3	rhel	computeMatrix
412.43	2299.62	5	dt3	7	cm_triticum_3	rhel	computeMatrix
346.15	2440.1	1	dt3	8	cm_triticum_3	rhel	computeMatrix
315.33	2429.37	2	dt3	8	cm_triticum_3	rhel	computeMatrix
351.16	2478.0	3	dt3	8	cm_triticum_3	rhel	computeMatrix
320.68	2466.24	4	dt3	8	cm_triticum_3	rhel	computeMatrix
319.16	2449.81	5	dt3	8	cm_triticum_3	rhel	computeMatrix
285.74	2611.75	1	dt3	9	cm_triticum_3	rhel	computeMatrix
311.38	2644.23	2	dt3	9	cm_triticum_3	rhel	computeMatrix
349.97	2661.87	3	dt3	9	cm_triticum_3	rhel	computeMatrix
290.83	2645.3	4	dt3	9	cm_triticum_3	rhel	computeMatrix
322.32	2634.01	5	dt3	9	cm_triticum_3	rhel	computeMatrix
269.44	2867.53	1	dt3	10	cm_triticum_3	rhel	computeMatrix
280.33	2847.37	2	dt3	10	cm_triticum_3	rhel	computeMatrix
256.18	2828.9	3	dt3	10	cm_triticum_3	rhel	computeMatrix
316.04	2888.07	4	dt3	10	cm_triticum_3	rhel	computeMatrix
298.54	2825.37	5	dt3	10	cm_triticum_3	rhel	computeMatrix
257.24	3008.88	1	dt3	11	cm_triticum_3	rhel	computeMatrix
243.98	3031.96	2	dt3	11	cm_triticum_3	rhel	computeMatrix
315.02	3045.51	3	dt3	11	cm_triticum_3	rhel	computeMatrix
251.57	2987.19	4	dt3	11	cm_triticum_3	rhel	computeMatrix
310.08	3046.3	5	dt3	11	cm_triticum_3	rhel	computeMatrix
220.2	3227.92	1	dt3	12	cm_triticum_3	rhel	computeMatrix
226.98	3186.54	2	dt3	12	cm_triticum_3	rhel	computeMatrix
250.26	3167.58	3	dt3	12	cm_triticum_3	rhel	computeMatrix
224.88	3172.05	4	dt3	12	cm_triticum_3	rhel	computeMatrix
230.45	3136.16	5	dt3	12	cm_triticum_3	rhel	computeMatrix
250.8	3384.21	1	dt3	13	cm_triticum_3	rhel	computeMatrix
214.07	3353.03	2	dt3	13	cm_triticum_3	rhel	computeMatrix
254.67	3319.39	3	dt3	13	cm_triticum_3	rhel	computeMatrix
219.61	3424.45	4	dt3	13	cm_triticum_3	rhel	computeMatrix
260.78	3374.02	5	dt3	13	cm_triticum_3	rhel	computeMatrix
219.82	3553.34	1	dt3	14	cm_triticum_3	rhel	computeMatrix
220.16	3545.08	2	dt3	14	cm_triticum_3	rhel	computeMatrix
272.51	3491.86	3	dt3	14	cm_triticum_3	rhel	computeMatrix
237.31	3559.25	4	dt3	14	cm_triticum_3	rhel	computeMatrix
227.6	3575.41	5	dt3	14	cm_triticum_3	rhel	computeMatrix
251.99	3776.77	1	dt3	15	cm_triticum_3	rhel	computeMatrix
210.07	3707.53	2	dt3	15	cm_triticum_3	rhel	computeMatrix
259.02	3779.26	3	dt3	15	cm_triticum_3	rhel	computeMatrix
207.44	3694.99	4	dt3	15	cm_triticum_3	rhel	computeMatrix
241.56	3680.49	5	dt3	15	cm_triticum_3	rhel	computeMatrix
227.31	3937.23	1	dt3	16	cm_triticum_3	rhel	computeMatrix
202.85	3864.66	2	dt3	16	cm_triticum_3	rhel	computeMatrix
203.34	3851.22	3	dt3	16	cm_triticum_3	rhel	computeMatrix
216.0	3902.98	4	dt3	16	cm_triticum_3	rhel	computeMatrix
229.01	3936.7	5	dt3	16	cm_triticum_3	rhel	computeMatrix
199.95	4067.85	1	dt3	17	cm_triticum_3	rhel	computeMatrix
218.24	4068.88	2	dt3	17	cm_triticum_3	rhel	computeMatrix
211.76	4049.66	3	dt3	17	cm_triticum_3	rhel	computeMatrix
215.46	4057.52	4	dt3	17	cm_triticum_3	rhel	computeMatrix
227.09	4099.54	5	dt3	17	cm_triticum_3	rhel	computeMatrix
195.28	4251.91	1	dt3	18	cm_triticum_3	rhel	computeMatrix
216.24	4263.81	2	dt3	18	cm_triticum_3	rhel	computeMatrix
219.78	4267.32	3	dt3	18	cm_triticum_3	rhel	computeMatrix
202.59	4261.16	4	dt3	18	cm_triticum_3	rhel	computeMatrix
215.28	4236.92	5	dt3	18	cm_triticum_3	rhel	computeMatrix
190.44	4433.07	1	dt3	19	cm_triticum_3	rhel	computeMatrix
225.71	4425.72	2	dt3	19	cm_triticum_3	rhel	computeMatrix
207.31	4495.14	3	dt3	19	cm_triticum_3	rhel	computeMatrix
194.35	4384.98	4	dt3	19	cm_triticum_3	rhel	computeMatrix
204.67	4439.38	5	dt3	19	cm_triticum_3	rhel	computeMatrix
197.21	4627.08	1	dt3	20	cm_triticum_3	rhel	computeMatrix
226.31	4712.87	2	dt3	20	cm_triticum_3	rhel	computeMatrix
192.09	4597.47	3	dt3	20	cm_triticum_3	rhel	computeMatrix
201.68	4604.23	4	dt3	20	cm_triticum_3	rhel	computeMatrix
205.03	4621.18	5	dt3	20	cm_triticum_3	rhel	computeMatrix
7156.91	3942.81	1	dt3	1	cm_triticum_15	rhel	computeMatrix
7022.0	3942.09	2	dt3	1	cm_triticum_15	rhel	computeMatrix
7064.08	3945.89	3	dt3	1	cm_triticum_15	rhel	computeMatrix
7256.57	3945.11	4	dt3	1	cm_triticum_15	rhel	computeMatrix
7019.77	3942.24	5	dt3	1	cm_triticum_15	rhel	computeMatrix
4668.27	4399.34	1	dt3	2	cm_triticum_15	rhel	computeMatrix
3916.8	3986.61	2	dt3	2	cm_triticum_15	rhel	computeMatrix
4124.3	4294.47	3	dt3	2	cm_triticum_15	rhel	computeMatrix
3897.3	3986.43	4	dt3	2	cm_triticum_15	rhel	computeMatrix
4137.96	3993.31	5	dt3	2	cm_triticum_15	rhel	computeMatrix
2768.65	4165.7	1	dt3	3	cm_triticum_15	rhel	computeMatrix
2871.29	4163.51	2	dt3	3	cm_triticum_15	rhel	computeMatrix
3504.14	4171.77	3	dt3	3	cm_triticum_15	rhel	computeMatrix
3304.92	4159.54	4	dt3	3	cm_triticum_15	rhel	computeMatrix
2835.28	4642.31	5	dt3	3	cm_triticum_15	rhel	computeMatrix
2305.33	4353.67	1	dt3	4	cm_triticum_15	rhel	computeMatrix
2397.36	4349.79	2	dt3	4	cm_triticum_15	rhel	computeMatrix
2165.25	4346.49	3	dt3	4	cm_triticum_15	rhel	computeMatrix
2205.11	7586.31	4	dt3	4	cm_triticum_15	rhel	computeMatrix
2148.22	4342.28	5	dt3	4	cm_triticum_15	rhel	computeMatrix
2646.54	7336.88	1	dt3	5	cm_triticum_15	rhel	computeMatrix
2103.42	4740.58	2	dt3	5	cm_triticum_15	rhel	computeMatrix
2067.46	4522.57	3	dt3	5	cm_triticum_15	rhel	computeMatrix
1883.33	4522.1	4	dt3	5	cm_triticum_15	rhel	computeMatrix
2119.69	4530.52	5	dt3	5	cm_triticum_15	rhel	computeMatrix
1809.33	4712.54	1	dt3	6	cm_triticum_15	rhel	computeMatrix
1612.54	4714.53	2	dt3	6	cm_triticum_15	rhel	computeMatrix
1702.56	4733.58	3	dt3	6	cm_triticum_15	rhel	computeMatrix
1567.31	4710.68	4	dt3	6	cm_triticum_15	rhel	computeMatrix
1694.93	4703.86	5	dt3	6	cm_triticum_15	rhel	computeMatrix
1474.34	4886.38	1	dt3	7	cm_triticum_15	rhel	computeMatrix
1592.34	4888.55	2	dt3	7	cm_triticum_15	rhel	computeMatrix
1514.76	4941.8	3	dt3	7	cm_triticum_15	rhel	computeMatrix
1361.97	7119.16	4	dt3	7	cm_triticum_15	rhel	computeMatrix
1536.79	4883.71	5	dt3	7	cm_triticum_15	rhel	computeMatrix
1262.9	5064.02	1	dt3	8	cm_triticum_15	rhel	computeMatrix
1326.95	5276.86	2	dt3	8	cm_triticum_15	rhel	computeMatrix
1216.2	5078.55	3	dt3	8	cm_triticum_15	rhel	computeMatrix
1264.55	5067.25	4	dt3	8	cm_triticum_15	rhel	computeMatrix
1541.68	5088.37	5	dt3	8	cm_triticum_15	rhel	computeMatrix
1376.74	5267.34	1	dt3	9	cm_triticum_15	rhel	computeMatrix
1569.32	11077.03	2	dt3	9	cm_triticum_15	rhel	computeMatrix
1441.81	5257.53	3	dt3	9	cm_triticum_15	rhel	computeMatrix
1333.26	5241.3	4	dt3	9	cm_triticum_15	rhel	computeMatrix
1261.33	5254.43	5	dt3	9	cm_triticum_15	rhel	computeMatrix
1137.34	5432.12	1	dt3	10	cm_triticum_15	rhel	computeMatrix
1357.01	5445.45	2	dt3	10	cm_triticum_15	rhel	computeMatrix
1112.63	5424.95	3	dt3	10	cm_triticum_15	rhel	computeMatrix
1313.01	5446.3	4	dt3	10	cm_triticum_15	rhel	computeMatrix
1326.92	7159.28	5	dt3	10	cm_triticum_15	rhel	computeMatrix
998.26	5604.46	1	dt3	11	cm_triticum_15	rhel	computeMatrix
1291.61	5623.95	2	dt3	11	cm_triticum_15	rhel	computeMatrix
1021.97	5624.01	3	dt3	11	cm_triticum_15	rhel	computeMatrix
1215.91	5625.59	4	dt3	11	cm_triticum_15	rhel	computeMatrix
1066.65	6915.08	5	dt3	11	cm_triticum_15	rhel	computeMatrix
1220.53	5809.62	1	dt3	12	cm_triticum_15	rhel	computeMatrix
1211.87	10699.91	2	dt3	12	cm_triticum_15	rhel	computeMatrix
1193.64	5804.45	3	dt3	12	cm_triticum_15	rhel	computeMatrix
1216.64	5806.06	4	dt3	12	cm_triticum_15	rhel	computeMatrix
992.98	6132.66	5	dt3	12	cm_triticum_15	rhel	computeMatrix
1009.64	5971.5	1	dt3	13	cm_triticum_15	rhel	computeMatrix
1080.68	5987.46	2	dt3	13	cm_triticum_15	rhel	computeMatrix
1220.33	6009.59	3	dt3	13	cm_triticum_15	rhel	computeMatrix
966.73	6986.49	4	dt3	13	cm_triticum_15	rhel	computeMatrix
1043.67	6040.36	5	dt3	13	cm_triticum_15	rhel	computeMatrix
942.7	10573.7	1	dt3	14	cm_triticum_15	rhel	computeMatrix
1166.09	6235.17	2	dt3	14	cm_triticum_15	rhel	computeMatrix
957.01	6164.35	3	dt3	14	cm_triticum_15	rhel	computeMatrix
941.43	6151.15	4	dt3	14	cm_triticum_15	rhel	computeMatrix
1026.35	6178.39	5	dt3	14	cm_triticum_15	rhel	computeMatrix
961.88	6330.18	1	dt3	15	cm_triticum_15	rhel	computeMatrix
943.78	7028.58	2	dt3	15	cm_triticum_15	rhel	computeMatrix
951.11	6354.93	3	dt3	15	cm_triticum_15	rhel	computeMatrix
986.77	6349.61	4	dt3	15	cm_triticum_15	rhel	computeMatrix
953.21	6318.62	5	dt3	15	cm_triticum_15	rhel	computeMatrix
915.12	6539.45	1	dt3	16	cm_triticum_15	rhel	computeMatrix
997.12	6579.78	2	dt3	16	cm_triticum_15	rhel	computeMatrix
932.62	6713.78	3	dt3	16	cm_triticum_15	rhel	computeMatrix
986.88	6625.58	4	dt3	16	cm_triticum_15	rhel	computeMatrix
896.62	6551.89	5	dt3	16	cm_triticum_15	rhel	computeMatrix
918.13	6702.29	1	dt3	17	cm_triticum_15	rhel	computeMatrix
1062.3	10736.48	2	dt3	17	cm_triticum_15	rhel	computeMatrix
977.92	6721.55	3	dt3	17	cm_triticum_15	rhel	computeMatrix
983.27	6715.26	4	dt3	17	cm_triticum_15	rhel	computeMatrix
880.08	6696.57	5	dt3	17	cm_triticum_15	rhel	computeMatrix
901.63	6908.61	1	dt3	18	cm_triticum_15	rhel	computeMatrix
967.81	7031.29	2	dt3	18	cm_triticum_15	rhel	computeMatrix
1073.04	6901.36	3	dt3	18	cm_triticum_15	rhel	computeMatrix
931.73	6890.98	4	dt3	18	cm_triticum_15	rhel	computeMatrix
1011.11	6884.68	5	dt3	18	cm_triticum_15	rhel	computeMatrix
828.45	7080.23	1	dt3	19	cm_triticum_15	rhel	computeMatrix
937.25	7083.34	2	dt3	19	cm_triticum_15	rhel	computeMatrix
872.93	7101.87	3	dt3	19	cm_triticum_15	rhel	computeMatrix
846.84	7094.62	4	dt3	19	cm_triticum_15	rhel	computeMatrix
869.3	7064.58	5	dt3	19	cm_triticum_15	rhel	computeMatrix
852.14	7266.15	1	dt3	20	cm_triticum_15	rhel	computeMatrix
889.24	7243.55	2	dt3	20	cm_triticum_15	rhel	computeMatrix
803.54	7292.22	3	dt3	20	cm_triticum_15	rhel	computeMatrix
849.98	7261.21	4	dt3	20	cm_triticum_15	rhel	computeMatrix
863.88	7474.94	5	dt3	20	cm_triticum_15	rhel	computeMatrix
